form	train	dev	test
ที่	1923	232	233
การ	1315	139	153
ใน	1163	149	149
เป็น	1086	127	132
มี	1012	127	134
และ	989	105	134
ของ	888	106	117
จะ	799	102	94
ได้	781	95	102
ความ	757	82	99
ไม่	635	77	83
ให้	579	52	71
ว่า	530	75	83
คน	526	85	57
ไป	521	50	72
มา	494	51	64
ก็	467	61	64
กับ	394	42	51
จาก	388	45	37
ๆ	346	51	48
อย่าง	337	35	38
นี้	336	38	33
ผู้	330	48	29
นั้น	329	34	42
อยู่	323	49	27
แต่	308	34	43
ขึ้น	301	33	33
เกิด	296	21	36
กัน	293	37	28
สิ่ง	277	35	43
เรา	275	35	31
โดย	272	31	17
ทาง	257	18	41
ไทย	243	30	33
มาก	238	36	36
ด้วย	236	34	21
เพื่อ	233	26	29
ถึง	229	28	25
ซึ่ง	227	30	31
แล้ว	225	31	34
ต้อง	222	25	25
เรื่อง	216	29	23
เมื่อ	215	25	31
ใช้	214	19	32
ต่าง	213	23	28
หรือ	210	30	22
ทำ	209	29	18
"	209	22	42
ประเทศ	208	17	24
ยัง	205	25	31
ตัว	200	20	18
ดี	193	23	20
ต่อ	186	24	27
สามารถ	184	29	27
ปี	183	17	25
วัน	183	23	24
ทำให้	182	19	21
จึง	174	22	17
คือ	174	12	22
เข้า	172	26	22
ถูก	172	15	29
ตาม	172	21	18
ชีวิต	167	10	27
สังคม	167	17	20
อาหาร	161	23	19
หนึ่ง	159	22	30
ออก	156	19	14
พนัน	152	14	20
ลง	150	23	18
อาจ	149	14	12
ทุก	144	19	14
นำ	143	11	11
ทั้ง	143	19	28
รับ	139	11	26
ใจ	138	20	15
ส่วน	136	14	20
ครั้ง	131	16	14
เพราะ	131	18	16
เห็น	129	15	21
บ้าน	127	16	17
เช่น	125	14	16
ควร	119	13	29
งาน	118	11	11
หลาย	117	21	8
น้ำ	113	17	25
กว่า	112	20	10
ผล	111	11	12
อีก	106	20	11
เขา	105	12	10
ก่อน	103	6	15
ฉัน	102	19	21
หน้า	99	31	14
คิด	98	9	9
เวลา	98	13	13
เชื่อ	98	11	13
ใหญ่	97	6	7
เศรษฐกิจ	96	8	5
จน	95	13	18
ด้าน	94	12	17
โลก	91	10	4
เสีย	91	9	14
อื่น	90	15	7
ใหม่	89	9	12
นัก	88	12	10
ผม	87	16	7
ความเชื่อ	86	14	11
ชาว	86	11	19
แบบ	85	13	6
-	84	10	12
หาก	84	12	14
แรก	83	5	7
ล้าน	82	15	5
ปัญหา	82	11	10
ช่วย	81	15	12
หลัง	81	17	13
ส่ง	81	9	12
พระ	81	7	3
ปัจจุบัน	81	10	5
รู้	80	13	12
ที่สุด	79	6	11
บาง	79	18	11
ไว้	78	12	8
สำคัญ	77	11	11
กฎหมาย	77	4	12
รถ	76	6	15
พบ	76	4	13
2	75	9	12
ญี่ปุ่น	75	10	5
บ่อน	74	8	12
แห่ง	73	5	11
หา	73	10	15
ตั้ง	73	6	7
เล่น	72	3	14
เงิน	72	6	12
คง	71	11	14
เดิน	71	7	7
เดียว	70	5	12
สหรัฐ	70	11	0
กำลัง	70	18	3
เหนือ	70	8	6
กล่าว	70	9	6
เปิด	69	2	13
ลด	69	8	7
สร้าง	69	3	8
มัน	68	12	11
ดู	68	4	4
เมือง	67	4	6
จริง	67	6	5
จัด	67	8	2
เพียง	66	8	5
ธรรมชาติ	66	11	10
ช่วง	65	7	7
เธอ	63	8	10
สูง	63	9	7
ต้องการ	63	8	2
ร่วม	62	7	5
เหตุ	62	3	8
กลุ่ม	62	8	12
(	61	6	6
)	61	6	6
กลับ	61	9	14
ถือ	61	6	9
รวม	61	6	4
ผิด	61	7	11
คำ	60	8	12
อัน	59	2	6
ระหว่าง	59	6	7
ตัวเอง	59	6	8
สอง	59	4	10
น้อย	59	8	9
พ.ศ.	57	4	2
เลือก	56	6	4
รัฐบาล	56	6	6
ทรง	56	2	6
ภัย	55	6	6
รัก	54	10	4
เลย	54	7	8
สี	54	4	5
เริ่ม	54	7	5
ติด	53	8	13
สำหรับ	53	5	3
สาว	53	15	11
เรียน	52	5	19
มือ	52	2	5
เพื่อน	52	7	9
ผ่าน	51	10	10
มัก	51	7	4
ราศี	51	0	4
ชาติ	51	6	6
เกาหลี	50	10	1
ชื่อ	50	6	8
ตนเอง	50	6	2
หลัก	50	9	3
มอง	50	9	7
เปลี่ยน	49	8	5
จำนวน	49	11	13
อะไร	49	5	6
มนุษย์	48	7	5
คุณ	48	2	7
ใด	48	10	8
เอง	47	1	4
น้ำท่วม	47	4	5
นาย	47	4	7
แสดง	47	4	2
เจ้า	46	9	1
เคย	46	4	5
พร้อม	46	6	7
ข้อ	46	3	8
ตั้งแต่	46	4	8
สุด	45	4	1
สาย	45	5	3
1	45	8	3
ชุด	45	3	2
ชาย	45	4	1
เครื่อง	45	4	6
รอบ	45	10	4
ขณะ	44	4	5
ตน	44	11	6
กลาง	44	7	4
แก่	43	9	9
สู่	43	7	4
ราย	43	5	8
ขอ	43	8	5
ถ้า	43	8	3
ตลอด	43	3	1
แม้	43	7	2
สมัย	42	8	5
ก่อ	42	7	3
ทะเล	42	1	1
3	42	8	4
เดือน	42	11	7
น่า	42	4	7
,	42	0	0
ดังกล่าว	42	5	4
ประสบ	41	6	2
ค.ศ.	41	2	4
ศึกษา	41	2	8
บน	41	3	12
พี่	41	6	3
ภายใน	41	6	5
เตรียม	41	5	2
พยายาม	40	5	3
เด็ก	40	6	4
หญิง	40	4	2
กิน	40	4	2
พัฒนา	40	1	8
เรียก	40	3	8
กอง	40	5	3
ปฏิบัติ	39	6	8
จำเป็น	39	5	6
พอ	39	4	4
ระดับ	39	3	2
นั่ง	39	10	7
จีน	39	8	5
ช่วยเหลือ	39	7	2
ขาย	39	4	3
ประโยชน์	38	2	4
บริเวณ	38	0	2
นับ	38	2	6
เอา	38	4	3
ค่า	38	2	3
5	38	7	0
อังกฤษ	38	3	4
สุข	38	4	4
ทีม	38	7	5
อาศัย	37	5	2
บาท	37	10	3
วิกฤต	37	3	3
เพิ่ม	37	6	2
โรง	37	3	7
ใช่	37	1	1
ศาสนา	36	6	4
ยิ่ง	36	6	7
เสมอ	36	4	6
โอบามา	36	4	3
เหมือน	36	8	8
ตำแหน่ง	36	7	3
หาย	36	4	5
อดีต	36	8	1
ลูก	36	2	10
เพลง	35	6	5
ประมาณ	35	2	10
รักษา	35	2	6
ทั่ว	35	3	1
นาน	35	6	9
เหลือ	35	4	4
บอก	35	2	7
ดัง	35	8	10
แตกต่าง	35	3	4
ซื้อ	35	3	4
พระเจ้า	35	1	2
แตก	35	7	3
พูด	35	2	4
บุคคล	35	12	3
ต้น	34	3	5
ระบบ	34	6	6
มากมาย	34	4	5
แต่ละ	34	1	2
ลักษณะ	34	4	6
ห้อง	34	2	4
เรือ	33	2	2
ร้าย	33	6	4
คู่	33	5	2
ตรวจ	33	6	7
ท่าน	33	4	3
ข่าว	32	6	7
เสียง	31	5	8
แผน	31	7	0
คาด	31	2	4
ราว	31	6	2
เหล่า	31	3	7
ปิด	31	5	8
จุด	31	10	5
หวัง	31	1	3
ปกติ	31	5	2
ฝ่าย	31	7	4
ประจำ	31	3	1
รู้สึก	31	6	5
ประมาท	31	2	4
อำนาจ	31	1	3
ทุน	31	2	0
ปลา	31	1	1
ดำเนิน	30	1	3
ตา	30	2	2
สติ	30	3	3
นอกจากนี้	30	4	7
เหตุการณ์	30	9	6
ชนะ	30	8	3
ตาย	30	1	1
เขต	30	3	0
ขนาด	29	4	6
พัก	29	7	2
ตก	29	4	6
พื้น	29	3	2
เท่านั้น	29	2	2
อยาก	29	6	2
แนว	29	3	3
นิยม	29	0	3
ชอบ	29	4	2
วิธี	29	1	3
ภาวะ	29	2	1
ยุค	29	2	5
ขาด	29	2	3
แดง	28	2	3
ไฟ	28	3	4
จังหวัด	28	2	2
ภาค	28	1	1
ประธานาธิบดี	28	3	2
6	28	7	6
ทั้งหมด	28	5	2
ใคร	28	6	9
สำเร็จ	28	0	3
แค่	28	3	2
ยอม	28	2	4
ย่อม	28	1	3
ยอด	28	2	2
ใต้	28	1	2
หลังจาก	28	6	7
สภาพ	27	3	5
เน้น	27	2	7
ประชาชน	27	5	2
แม่	27	0	4
นโยบาย	27	2	1
สอบ	27	2	3
ศาล	27	2	1
ยุ้ย	27	2	6
ศพ	27	2	3
ดังนั้น	27	6	2
อย่างไร	27	4	3
ครอบครัว	27	3	4
ข้าพเจ้า	27	4	7
เล็ก	26	3	2
อันดับ	26	0	3
ปลอด	26	3	4
ตัด	26	5	4
จิต	26	3	0
4	26	9	5
สวน	26	4	1
อาการ	26	3	4
ตอน	26	4	4
ภาพ	26	4	2
เนื่องจาก	25	7	1
จับ	25	6	5
7	25	0	2
พวก	25	2	4
สอน	25	3	2
เกี่ยวกับ	25	4	3
ประกอบ	25	2	4
เกิน	25	0	5
รัฐสภา	25	2	5
ยาก	25	3	6
ไฟฟ้า	25	9	2
นาง	24	4	1
อิสราเอล	24	4	2
แมว	24	0	6
ทัพ	24	2	3
แข่งขัน	24	4	1
รูป	24	4	2
เยาวชน	24	1	3
รุนแรง	24	3	1
ผัก	24	5	1
ร่าง	24	1	3
พื้นที่	23	4	2
ผู้คน	23	1	2
ประการ	23	3	6
สมาชิก	23	3	2
ยึด	23	3	1
วง	23	2	1
ได้รับ	23	6	3
โรค	23	3	10
ไร้	23	3	2
นอก	23	3	3
สื่อ	23	2	4
ข่าย	23	1	1
ง่าย	23	1	1
ประกาศ	22	6	1
คณะ	22	3	2
ร้อง	22	6	6
สถานการณ์	22	1	4
รุ่น	22	7	0
เขียน	22	1	2
บ้าง	22	5	0
หมาย	22	5	6
สิ้น	22	2	2
ดิน	22	1	3
แก้	22	1	3
ค้า	22	0	0
สาเหตุ	22	3	1
สงคราม	22	3	3
กาย	22	1	3
ต่อไป	22	2	3
ป่วย	22	1	5
สนับสนุน	22	0	3
ข้าว	22	5	1
ระบุ	22	3	0
แรง	22	2	5
อนุญาต	22	1	2
เครือ	22	1	1
ดวง	22	3	4
นก	22	4	5
ท้อง	21	2	1
อายุ	21	4	7
สาบ	21	0	0
ดำรง	21	5	2
ปล่อย	21	1	3
วิ่ง	21	2	1
บริหาร	21	1	3
หุ้น	21	6	5
สุดท้าย	21	3	4
เจอ	21	2	2
ไหน	21	1	6
ล้วน	21	2	3
วิทยาศาสตร์	21	3	2
ผลิต	21	4	4
ราคา	21	7	0
ยา	21	0	7
ร่างกาย	21	1	2
ชนิด	21	1	2
Generation	21	7	8
เป็นต้น	20	4	2
หนี	20	2	3
ชน	20	1	5
แทน	20	2	2
20	20	2	1
9	20	2	2
พลาด	20	0	3
การเงิน	20	0	0
เร่ง	20	1	1
เก็บ	20	2	5
พิจารณา	20	2	2
แข่ง	20	3	2
เดิม	20	2	4
ยนต์	20	3	1
หน้าที่	20	2	0
ยังคง	20	0	1
คุณธรรม	20	3	8
ชั้น	20	3	5
แยก	20	4	2
รายงาน	20	0	2
จากนั้น	20	2	1
วิญญาณ	20	1	0
ประตู	20	0	1
โดยเฉพาะ	20	2	1
ส่วนใหญ่	20	0	2
จ่าย	20	3	1
ตรง	20	4	3
10	20	2	2
M	20	7	7
หนัก	19	3	2
มั่น	19	3	1
บท	19	2	7
กระตุ้น	19	5	1
ถนน	19	2	2
สาม	19	2	1
ยิง	19	3	2
คุย	19	3	0
สัตว์	19	2	5
องค์	19	0	3
ฐาน	19	3	2
ลัทธิ	19	3	1
แพ้	19	1	3
รู้จัก	19	3	4
แบ่ง	19	1	2
โต	19	1	0
หัว	19	4	1
ฯ	19	1	2
.	19	3	5
ท่ามกลาง	19	2	0
หมด	19	3	6
ก้าว	19	2	0
ใส่	19	1	1
แต่ง	19	4	0
ทราบ	19	3	1
ฆ่า	18	0	2
เชื่อม	18	1	3
8	18	1	1
มุม	18	1	1
เผย	18	4	6
กาซา	18	4	2
จิตใจ	18	1	3
นั่น	18	1	4
2551	18	3	0
ทัน	18	2	0
ล้ม	18	2	0
ศูนย์	18	0	0
เท่า	18	0	1
โอกาส	18	4	4
วัย	18	2	0
ความคิด	18	2	0
อุปกรณ์	18	1	1
ปรากฏ	18	1	1
หรือไม่	18	2	1
คอย	18	3	2
อันตราย	18	3	5
เนื่อง	18	6	2
วัด	18	1	3
ฝัน	18	0	0
รัฐ	18	1	2
ไม่ว่า	18	4	3
ประเภท	18	8	3
อัตรา	18	0	1
เต็ม	18	1	3
วาง	18	1	1
บริษัท	18	4	2
พา	18	4	0
รับประทาน	17	3	2
แล	17	0	2
เตือน	17	1	0
อด	17	2	2
เลิก	17	4	5
เร็ว	17	2	0
ขงจื๊อ	17	3	0
แข็ง	17	1	3
ยาว	17	2	3
ขณะที่	17	4	0
ถอย	17	0	0
พ้น	17	3	3
ย้าย	17	3	1
งาม	17	1	3
ใกล้	17	5	2
ปกครอง	17	0	4
ตัดสิน	17	2	4
ปรับ	17	2	0
ระเบิด	17	1	3
โชค	17	2	2
กำหนด	17	3	2
หู	17	2	0
กลาย	16	5	2
อัลบั้ม	16	1	2
กู้	16	2	1
ตลาด	16	6	2
ใบ	16	3	5
ขยาย	16	0	0
ทรัพย์	16	0	2
กระผม	16	3	5
หมายถึง	16	2	0
อนาคต	16	3	2
พวกเขา	16	3	0
ต่อเนื่อง	16	0	1
อพยพ	16	3	4
แพทย์	16	2	2
ที	16	2	1
เฉพาะ	16	1	1
เมตร	16	1	1
ประวัติศาสตร์	16	0	5
เจ็บ	16	5	2
ครอง	16	2	2
ลอง	16	0	2
คืน	16	3	1
แดน	16	3	2
สิทธิ	16	0	0
หง	16	1	0
ตอบ	16	2	4
การณ์	16	0	5
พิเศษ	16	2	2
กระทบ	16	2	2
เหล่านั้น	16	2	1
สัมผัส	16	3	2
หนู	16	3	2
จาน	16	0	2
พุทธ	15	3	1
ปลอดภัย	15	1	4
%	15	1	1
ปรัชญา	15	2	3
กลัว	15	1	1
ยืน	15	5	1
เสี่ยง	15	0	0
กฎ	15	2	2
ธุรกิจ	15	2	1
ทั้งนี้	15	0	1
ร้าน	15	2	1
ร้อย	15	0	1
ขัน	15	3	2
ข้าม	15	1	2
พิสูจน์	15	4	1
ทุกข์	15	1	3
ทั่วไป	15	0	1
เสียหาย	15	3	1
ระยะ	15	5	7
สูญเสีย	15	2	2
ทหาร	15	4	2
ขั้น	15	1	1
บริโภค	15	2	0
เช่นกัน	15	2	0
ค่าย	15	0	0
ฝั่ง	15	3	0
ซิ่วเฉฺวียน	15	1	0
เนื้อ	15	3	1
เล่า	15	0	2
ถาม	15	0	4
สุขภาพ	15	3	2
ต่ำ	14	3	3
ละ	14	6	2
รอ	14	1	3
กิจกรรม	14	2	2
ฉนวน	14	4	2
เทพ	14	0	3
นาที	14	0	0
เท้า	14	0	2
ห่าง	14	1	0
คบ	14	2	0
สืบ	14	3	0
ขัด	14	1	1
เสริม	14	2	5
เจ้าของ	14	0	1
ก๊าซ	14	1	3
เกาะ	14	1	1
ขงเบ้ง	14	7	1
ข้อมูล	14	1	3
จบ	14	3	4
สูญ	14	3	1
คอ	14	0	4
รัฐมนตรี	14	3	3
เผชิญ	14	2	0
ละคร	14	4	1
อธิบาย	14	0	1
ลำ	14	0	0
เกือบ	14	1	2
สาร	14	2	2
ลอย	14	0	1
กรณี	14	4	1
เสนอ	14	0	1
พลัง	14	1	1
เกี่ยว	14	1	4
คัน	14	3	0
เศรษฐศาสตร์	14	0	5
ภาษา	14	1	1
กตัญญู	13	1	3
วัฒนธรรม	13	0	0
สัมพันธ์	13	0	0
เลข	13	3	1
ต่อมา	13	2	0
จัดการ	13	2	1
ผี	13	1	2
งบ	13	0	0
ครู	13	0	1
สเตราส์	13	1	2
ค้น	13	1	0
น้อง	13	5	3
เช้า	13	0	1
ภายใต้	13	0	1
พิธี	13	0	2
ว่าง	13	3	1
เข้าใจ	13	1	2
ยอมรับ	13	1	1
ไกล	13	2	0
ทิ้ง	13	1	2
แท้	13	2	1
ฝรั่งเศส	13	2	1
ทรัพย์สิน	13	1	4
ฮามาส	13	2	2
หยุด	13	3	0
หัน	13	0	1
ปัญญา	13	2	3
กว้าง	13	0	1
ข้าง	13	4	7
สังเกต	13	4	2
ราชสีห์	13	4	1
ก็คือ	13	2	1
แม้ว่า	13	2	0
มหา	13	0	2
ตำรวจ	13	6	1
พระราช	13	0	0
โทรทัศน์	13	1	0
ไหว	13	3	0
ฟื้น	13	2	1
ร้องไห้	13	2	3
ครึ่ง	13	1	1
ทน	13	3	4
เจริญ	13	1	1
ขับ	13	2	6
ดิฉัน	13	0	4
ฟัง	13	1	2
วิชา	13	0	2
เหมาะ	13	1	2
อย่า	13	0	0
แปลก	13	1	3
แหล่ง	12	1	2
บรรดา	12	2	0
ตัวอย่าง	12	1	4
สัปดาห์	12	6	2
พุ่ง	12	1	1
ลบ	12	1	1
เค้า	12	0	1
กบฏ	12	2	0
อาทิ	12	0	2
หนังสือ	12	2	4
ธ.ค.	12	1	1
สี่	12	0	0
ถูกต้อง	12	3	2
ศักดิ์สิทธิ์	12	1	5
ฐานะ	12	2	4
พ่าย	12	0	0
หด	12	1	0
เรียบร้อย	12	2	1
ท่วม	12	4	4
กด	12	0	3
สุนัข	12	0	2
ดัน	12	2	2
สะดวก	12	0	1
ชั่ว	12	1	3
ล่าสุด	12	0	1
เหตุผล	12	1	2
ปลาย	12	0	1
ภาพยนตร์	12	4	0
ป้องกัน	12	4	2
แสน	12	1	1
พรรค	12	2	0
นายก	12	1	2
อุทกภัย	12	2	1
ฟุตบอล	12	0	1
รับมือ	12	0	1
สถาบัน	12	0	1
เกาหลีเหนือ	12	2	2
ความพยายาม	12	0	1
รบ	12	2	1
นี่	12	0	1
วิธีการ	12	3	1
ความเห็น	12	1	3
ควบคุม	12	1	1
แม้แต่	12	3	1
แสก	12	3	1
โลโซ	12	1	0
อาวุธ	12	4	3
สั่ง	12	0	1
สำนัก	12	1	2
รอด	12	1	0
น้ำมัน	12	2	1
นิสัย	12	2	1
หน่วย	12	0	1
ทันที	12	0	3
หลวง	11	0	0
หมู่	11	4	0
เหรียญ	11	4	1
ผลกระทบ	11	1	3
เส้น	11	2	5
ครัว	11	2	4
ฝึก	11	0	4
ความสามารถ	11	4	2
ม.ค.	11	0	0
อาชีพ	11	0	1
รายได้	11	0	1
เสร็จ	11	3	3
สน	11	2	1
กลายเป็น	11	0	2
เก่ง	11	1	1
การเมือง	11	1	1
ก็ตาม	11	0	0
พ่อ	11	2	7
ถล่ม	11	0	1
คลอด	11	3	0
พระภูมิ	11	2	0
นอกจาก	11	2	1
อ่อน	11	0	2
สบาย	11	1	3
ครับ	11	0	2
เสื่อม	11	2	2
ฮอนด้า	11	1	0
ชุมชน	11	1	0
ได้แก่	11	1	0
มิ	11	0	0
ชุมนุม	11	0	0
ยุโรป	11	3	1
โทษ	11	3	0
เช็ค	11	3	1
ความเสียหาย	11	1	3
ฉาย	11	0	0
กษัตริย์	11	0	0
0	11	1	2
เดินทาง	11	1	2
กรุง	11	1	1
12	11	1	0
อาคาร	11	0	1
ลืม	11	1	0
ผู้ชาย	11	0	1
นึก	11	0	1
ตระหนัก	11	0	0
สิ่งของ	11	3	2
ไหล	11	1	1
ถด	11	0	0
คุณภาพ	11	0	2
เลือด	11	1	2
กลิ่น	11	2	0
เกินไป	11	0	3
ส่งผล	11	1	0
แพร่	11	2	1
นายกรัฐมนตรี	11	4	2
ระวัง	11	0	2
สงบ	11	4	1
พยาบาล	11	0	3
ขบวน	11	2	2
พระองค์	11	2	1
ดำ	11	1	1
ดิบ	11	4	1
สม	11	0	2
อากาศ	11	0	0
สภา	11	2	0
กิมจิ	11	1	0
เติบโต	10	0	1
ชิง	10	4	1
ท่า	10	0	0
ค่อย	10	4	1
เตรียมตัว	10	0	1
ลำบาก	10	1	4
ปลอม	10	4	2
อิทธิพล	10	2	2
เลี้ยง	10	6	3
ยก	10	4	1
รอง	10	1	4
อู่	10	0	0
กระทำ	10	4	5
หลาน	10	1	0
เสด็จ	10	0	1
ขา	10	1	3
สัก	10	5	0
พิษ	10	1	0
สู้	10	3	1
รั่ว	10	1	0
จำกัด	10	1	1
ควัน	10	1	0
ตั้งใจ	10	2	0
ธนาคาร	10	1	0
โจมตี	10	2	0
เชื้อ	10	2	3
เตะ	10	1	1
โดน	10	0	2
บุญ	10	0	0
ไม่ได้	10	1	1
ทรัพยากร	10	0	1
แย่	10	2	1
เรื่องราว	10	1	2
รูปแบบ	10	1	1
เรื่อย	10	2	1
ครีบ	10	1	0
ดิ่ง	10	4	0
รวมถึง	10	1	0
วิกฤติ	10	2	1
เกวียน	10	0	0
กล้า	10	0	1
เยอรมนี	10	2	1
เขียว	10	1	0
ทารก	10	3	0
มอบ	10	4	0
เปลี่ยนแปลง	10	0	2
ไก่	10	0	2
นาค	9	2	1
อ.	9	3	3
สงสัย	9	1	1
คดี	9	3	2
สหรัฐอเมริกา	9	1	0
สวย	9	2	2
เหยื่อ	9	2	1
ก่อให้เกิด	9	1	1
ภรรยา	9	3	1
กีฬา	9	3	0
จอร์จ	9	2	1
ดูแล	9	2	1
เปรียบ	9	0	2
ราชการ	9	1	2
ซาก	9	1	1
แผ่น	9	0	2
ถึงแม้ว่า	9	0	1
ชาร์ลส์	9	0	1
ดับ	9	1	0
มะกัน	9	0	2
มหาวิทยาลัย	9	0	2
อาทิตย์	9	1	3
โบราณ	9	1	4
ขวาง	9	0	1
ยั่งยืน	9	0	0
ดื่ม	9	3	0
อุบัติเหตุ	9	2	1
ขน	9	0	1
ขาว	9	1	2
ซีวิค	9	1	0
ผู้นำ	9	1	1
ล้าง	9	0	0
เที่ยว	9	0	1
ชัด	9	0	1
ห้าม	9	2	1
ยิ่งใหญ่	9	0	2
วัตถุ	9	0	2
รีบ	9	5	4
ชัดเจน	9	2	1
ดังนี้	9	3	2
อุดม	9	0	0
รัสเซีย	9	0	1
นาม	9	1	2
โลซก	9	1	0
เห็ด	9	0	0
เศร้า	9	1	0
บุช	9	0	2
กล้อง	9	2	0
ความสำเร็จ	9	1	0
เทคโนโลยี	9	1	1
อุปโภค	9	0	0
แห้ง	9	1	0
แปล	9	0	1
จำหน่าย	9	0	0
ธันวาคม	9	1	1
อาชญากรรม	9	1	2
ปวด	9	2	0
สะอาด	9	0	0
ฟ้า	9	0	0
ดาว	9	0	1
จนถึง	9	1	2
หลง	9	5	2
ภาย	9	0	1
ล้อม	9	1	1
เล่ม	9	0	0
ล่ม	9	2	1
AP	9	0	1
นิทาน	9	1	4
ปลด	9	1	0
อาย	9	1	0
อุตสาหกรรม	9	1	0
โยง	9	0	1
วิจัย	9	1	1
ไม้	9	0	2
ลึก	8	2	2
พร้อมกับ	8	2	0
พญา	8	2	1
40	8	1	1
2543	8	0	0
อารมณ์	8	5	2
เดียวกัน	8	2	3
คราว	8	0	0
มาย	8	0	2
15	8	0	2
ตำนาน	8	2	0
เทียบ	8	0	1
เติม	8	1	0
ตี	8	1	3
แถลง	8	2	2
แผ่นดิน	8	0	0
ศีลธรรม	8	1	2
ก้าวหน้า	8	0	0
แฟน	8	1	2
รายการ	8	0	0
เมย์	8	0	2
บรรลุ	8	0	0
เป้า	8	0	0
ชม	8	3	3
คล้าย	8	1	1
กำจัด	8	1	0
มวล	8	0	1
สะท้อน	8	0	2
พฤติกรรม	8	1	0
สังหาร	8	0	0
แย้ง	8	1	1
ย้ำ	8	0	1
พญานาค	8	4	1
ทุ่ม	8	0	0
เย็น	8	1	5
ถ้าหาก	8	0	1
ฟัน	8	2	1
รวมทั้ง	8	1	1
ขยะ	8	1	0
ค่ำ	8	2	1
พวกเรา	8	2	1
ฤดูกาล	8	0	1
สัญญา	8	0	2
บังคับ	8	0	0
อินเดีย	8	2	1
เชิง	8	0	3
นางสาว	8	1	2
ฉีด	8	0	1
ยุติ	8	0	2
บาด	8	2	1
พอดี	8	1	2
น่าจะ	8	1	0
กี่	8	0	0
สวยงาม	8	2	0
กระแส	8	0	4
สิน	8	0	1
สนาม	8	1	1
เอเชีย	8	2	0
ปัจจัย	8	1	0
ซากปรักหักพัง	8	1	0
ฟู	8	1	1
สถาน	8	1	2
เกาหลีใต้	8	2	0
พนักงาน	8	1	1
ตอบแทน	8	2	1
โอรส	8	0	0
คุณสมบัติ	8	1	0
เฮนรี	8	1	0
ชี้	8	1	1
หลอก	8	2	1
เคารพ	8	0	1
พึง	8	0	0
ห้องน้ำ	8	0	1
แน่นอน	8	0	3
ชะตา	8	0	1
ทั้งสิ้น	8	1	0
รถยนต์	8	3	1
เรียกว่า	8	1	2
นั่นเอง	8	2	1
ตะวันตก	8	1	2
ผู้หญิง	8	1	0
เหมาะสม	8	2	2
พึ่ง	8	1	0
ปริมาณ	8	0	0
นอน	8	4	5
สังกัด	8	0	1
ประสาน	8	1	0
สนิท	8	1	3
โรงเรียน	8	1	2
ยาม	8	1	1
ตะวันออก	8	0	0
เช่นนี้	8	1	1
ประชุม	8	1	0
ประชา	8	1	1
เค้ก	8	0	0
เสือ	8	0	0
แปลง	8	2	2
เพลิง	8	0	1
เหล่านี้	8	4	6
ปรุง	8	1	1
อร่อย	8	0	2
เพศ	8	1	1
ซุป	8	4	0
ดอง	8	4	0
ป่า	8	0	1
มติ	8	0	0
แกน	8	1	0
ผสม	7	1	0
ณ	7	0	2
ว่าที่	7	2	0
มูลค่า	7	4	1
มาตรการ	7	0	3
คุม	7	1	1
ผลเสีย	7	1	2
ครอบ	7	3	3
โหด	7	0	0
จ้าง	7	0	1
ปราบ	7	0	0
สกอตแลนด์	7	0	0
มวย	7	0	0
สาบาน	7	0	1
อาจารย์	7	0	0
บุก	7	1	2
สนใจ	7	1	0
จริยธรรม	7	0	0
ราวกับ	7	0	3
ปฐวี	7	0	0
วัตถุดิบ	7	0	1
พลั้ง	7	1	1
โจร	7	0	0
คะแนน	7	2	0
มะเร็ง	7	0	2
ร้อยละ	7	1	2
ช่อง	7	1	3
เกี่ยวข้อง	7	0	0
ผิว	7	0	1
ศาสตร์	7	1	1
โดยสาร	7	0	0
นะ	7	0	0
อาเซียน	7	0	1
อ้าง	7	2	1
ชัย	7	0	0
นับถือ	7	1	1
ย่อ	7	4	1
แจ้ง	7	5	0
ระบอบ	7	0	0
อิหร่าน	7	1	1
สถานี	7	0	5
หนทาง	7	1	1
บิน	7	0	0
พัน	7	2	1
เคลื่อน	7	2	1
50	7	1	3
เอกชน	7	0	0
อีกทั้ง	7	3	1
เลือกตั้ง	7	2	2
ตกลง	7	1	2
คลื่น	7	1	0
ตัน	7	0	4
ออนไลน์	7	0	4
ความหมาย	7	0	0
น้ำดื่ม	7	1	0
ฆราวาสธรรม	7	2	3
ประสบการณ์	7	1	0
ยังไง	7	0	1
สูตร	7	2	1
2552	7	0	0
ระมัดระวัง	7	0	0
งู	7	0	3
หนี้	7	1	1
ปราศจาก	7	0	2
ตร.	7	0	0
แง่	7	1	1
พอใจ	7	2	3
ควบคู่	7	0	0
มั่นคง	7	0	0
สินค้า	7	1	2
ซ้าย	7	0	0
บึ้ม	7	0	0
บทบาท	7	1	1
บริการ	7	0	2
จิวยี่	7	1	0
สวรรค์	7	0	1
ส่งเสริม	7	0	0
อิน	7	0	0
แลก	7	0	0
หมื่น	7	4	1
กราบไหว้	7	0	2
ธรรม	7	3	1
ขอบ	7	0	0
มุสลิม	7	1	0
เรือน	7	1	3
จำ	7	2	1
สถานที่	7	1	2
ผ่า	7	0	0
แก้ไข	7	1	1
อเมริกา	7	0	0
บ่อย	7	0	3
อินโดนีเซีย	7	0	0
ถิ่น	7	0	1
ผ่อน	7	0	0
เด่น	7	2	0
อำเภอ	7	0	0
กรรมการ	7	1	0
ย้อน	7	0	0
ยศ	7	3	0
ตื่น	7	2	0
21	7	0	0
รส	7	3	0
ช่าง	7	0	0
กล	7	0	4
แจว	7	2	0
ฉาก	7	0	2
เคียง	7	1	0
รวดเร็ว	7	0	0
ข้างต้น	7	0	0
สิงคโปร์	7	1	1
หลากหลาย	7	4	0
ไข	7	0	1
ท้าย	7	0	0
คุ้น	7	0	0
มาลาวี	7	0	0
โปรด	7	0	0
ถ่าย	7	3	0
ลุก	7	3	1
มหาศาล	7	1	0
หลีก	7	0	0
อาวุโส	7	0	0
สวม	7	0	0
ภาษี	7	2	0
ตรวจสอบ	7	0	0
ล่าง	7	2	1
พราหมณ์	6	0	0
พริก	6	2	3
ย่าง	6	2	0
ปรากฏการณ์	6	1	2
อิสลาม	6	0	0
กุม	6	4	2
/	6	3	2
ต.	6	3	1
รางวัล	6	2	2
มั้ย	6	1	1
ตกใจ	6	0	1
คุ้มครอง	6	0	0
แก๊ง	6	1	0
ยิ่งขึ้น	6	0	1
ดนตรี	6	2	1
ปาเลสไตน์	6	0	3
วันที่	6	0	0
เทพเจ้า	6	0	0
ยึดเหนี่ยว	6	0	1
เบาะ	6	0	1
ศรัทธา	6	1	1
ทั้งหลาย	6	2	2
รสชาติ	6	0	0
สิบ	6	0	3
ไหม้	6	0	1
สะสม	6	0	1
ราชวงศ์	6	0	1
ชิ้น	6	0	1
ทด	6	1	1
มูล	6	1	0
แหลม	6	0	0
ร้อน	6	2	3
ที่มา	6	2	1
ปูน	6	3	1
จราจร	6	0	1
ดึง	6	0	1
ประสิทธิภาพ	6	0	1
ทำงาน	6	0	0
หนุน	6	0	0
ประเทศชาติ	6	1	0
นานา	6	1	2
เท	6	1	0
ถ้วน	6	0	1
มัธยม	6	0	2
การศึกษา	6	1	0
น.	6	0	0
ขอบคุณ	6	0	1
ติดตาม	6	0	1
ฟุ้ง	6	0	0
ศาลาแดง	6	0	0
ประชากร	6	3	4
ค่อนข้าง	6	1	2
สันติภาพ	6	0	0
ส่วนตัว	6	0	2
ปั้น	6	1	0
แบคทีเรีย	6	1	1
กระจาย	6	0	0
สัญลักษณ์	6	0	1
วัว	6	0	0
เยอะ	6	1	2
ม้า	6	0	0
สด	6	0	1
หมอ	6	0	0
บอล	6	1	1
แจก	6	0	1
ครบ	6	0	1
ฟาก	6	0	0
ฉลอง	6	0	0
มังกร	6	0	0
ขี่	6	1	3
ลำพัง	6	0	0
พล	6	0	2
ฉุกเฉิน	6	1	0
ครีม	6	0	0
ทุกวันนี้	6	0	0
25	6	0	0
เห็นด้วย	6	0	1
สาขา	6	3	1
ขุนแผน	6	1	1
ลู่	6	0	0
พื้นฐาน	6	1	2
ธนูศึก	6	0	0
นิวเคลียร์	6	0	1
กรรม	6	1	0
รวมไปถึง	6	0	0
ประกอบอาหาร	6	2	0
ประหยัด	6	0	0
งมงาย	6	0	2
ปรารถนา	6	0	0
อวด	6	0	0
แสง	6	0	0
ขี้	6	0	0
ไทยแลนด์	6	0	0
ไหว้	6	0	0
ชวน	6	1	1
สมเด็จ	6	0	0
19	6	0	0
ศัลยกรรม	6	2	0
สำรวจ	6	0	0
อวกาศ	6	1	0
ละเมิด	6	0	1
เวที	6	0	0
เฉลี่ย	6	0	2
เมษายน	6	1	0
เกม	6	3	3
ญาติ	6	0	0
มุ่ง	6	2	1
ยาน	6	1	0
พูดถึง	6	1	0
27	6	2	0
เข้ม	6	0	0
เต่า	6	0	0
ภายนอก	6	2	0
กระทรวง	6	2	1
วัคซีน	6	0	4
11	6	1	0
ซ่อน	6	0	1
คม	6	1	2
ต้าน	6	0	0
เจรจา	6	0	3
ก.พ.	6	2	1
ศักยภาพ	6	1	0
กำเนิด	6	0	0
บันทึก	6	0	0
พฤศจิกายน	6	0	1
สเปน	6	0	1
รุ่งเรือง	6	0	0
ข่ม	6	1	0
จง	6	2	2
ควบ	6	0	1
เครียด	6	2	0
กรม	6	0	0
ด้อย	6	1	1
ภารกิจ	6	1	1
พร	6	0	0
พฤษภาคม	6	0	0
จนกระทั่ง	6	0	0
ถ่านหิน	6	2	1
ทาน	6	1	3
ซัก	6	0	1
แพร่ง	6	0	0
ทักษะ	6	0	0
วอชิงตัน	6	1	2
กำกับ	6	1	0
ประทับ	6	0	0
ทางการ	6	1	1
ต่อสู้	6	0	0
2553	6	0	1
มื้อ	6	0	0
14	6	0	0
สัญญาณ	6	1	0
จัก	6	0	0
กลั้น	6	2	1
ราก	5	1	1
ทำการ	5	1	0
จะเห็นได้ว่า	5	0	0
ประเพณี	5	0	0
ถุง	5	1	1
ข้าวของ	5	2	0
วิทยาเขต	5	0	0
60	5	1	0
บันนังสตา	5	0	0
ใกล้ชิด	5	0	0
ดัชนี	5	2	0
โหมว	5	0	0
ที่จะ	5	0	2
ความรู้	5	1	0
หลุยส์	5	0	0
...	5	1	0
เหลือบ	5	0	1
โมหะ	5	0	0
ตรา	5	1	0
เหลว	5	0	0
ทำร้าย	5	0	1
คร่ำครวญ	5	0	0
ใส	5	0	2
ทัศนคติ	5	1	2
หลบ	5	0	2
แฝด	5	1	0
เทวดา	5	0	0
ปลุก	5	1	0
ยึดถือ	5	0	0
ปิ๊ด	5	3	2
วิทยา	5	1	0
ส่อ	5	0	0
ละลาย	5	1	0
เทอร์โมนิวเคลียร์	5	0	0
เพียงใด	5	1	0
ขวัญ	5	1	0
เท่าเทียม	5	0	0
2009	5	1	0
กรุงเทพมหานคร	5	1	1
ป้อง	5	0	0
มิตร	5	4	0
ไล่	5	0	0
ที่ดิน	5	1	0
หลังจากนั้น	5	0	1
ประสงค์	5	0	1
ล้น	5	0	0
กรุณา	5	0	0
ดูเหมือน	5	2	0
สะพาน	5	0	1
บก	5	0	0
ท่อง	5	1	0
ข่าวสาร	5	0	0
เชื้อโรค	5	0	0
ยักษ์	5	1	1
13	5	0	1
30	5	0	1
ขุนนาง	5	0	0
รัฐธรรมนูญ	5	1	2
ชนม์	5	1	0
ราชย์	5	0	0
หิมะ	5	0	0
ทับ	5	0	1
ทรุด	5	0	0
ซ่อมแซม	5	1	1
กับข้าว	5	2	0
ในที่สุด	5	2	1
หยวน	5	1	0
ยาง	5	0	1
ง่อก๊ก	5	0	0
ระงับ	5	0	1
ปน	5	0	1
มาตรฐาน	5	1	2
เตรียมพร้อม	5	0	0
มนุษยชน	5	0	0
กระบวน	5	1	0
ศัพท์	5	0	0
เรียบ	5	0	0
ประเด็น	5	0	3
คริสต์	5	1	0
หายนะ	5	0	1
แถบ	5	0	0
ใกล้เคียง	5	0	0
บรรยากาศ	5	1	2
วิเคราะห์	5	0	0
สมัคร	5	1	0
แม่น้ำ	5	0	1
ยากจน	5	0	0
100	5	0	1
บริเตน	5	0	1
กันยายน	5	1	0
ถึงกับ	5	0	1
หน่อย	5	0	0
เพชร	5	0	1
ทำไม	5	2	2
ยกย่อง	5	0	0
กลอุบาย	5	0	0
ฉบับ	5	1	0
ดำเนินการ	5	0	1
ประกวด	5	0	2
ฯลฯ	5	0	0
ทำนาย	5	0	1
เมด	5	0	0
คอนเสิร์ต	5	0	0
ตะเกียบ	5	0	0
ฝาก	5	0	0
โดยที่	5	1	0
แทบ	5	1	1
ทำเนียบ	5	0	1
ตำหนัก	5	0	1
ร้ายแรง	5	0	0
กบ	5	2	0
ซ่อม	5	0	0
พิการ	5	0	0
อ่าน	5	2	2
ศึก	5	0	0
จรวด	5	0	0
อยู่แล้ว	5	1	0
ด่วน	5	0	1
คำนวณ	5	0	1
ความกลัว	5	0	0
จม	5	0	0
:	5	0	2
เพียงพอ	5	0	1
ลม	5	0	1
ตระกูล	5	0	1
ลุง	5	1	0
กำแพง	5	0	0
กรมหมื่น	5	2	0
พระองค์เจ้า	5	0	0
กรีด	5	1	1
จังหวะ	5	0	0
สกปรก	5	0	0
ไตร	5	0	0
มาส	5	0	0
สกุล	5	0	0
16	5	0	1
ลวง	5	1	0
ภาระ	5	0	0
โครง	5	1	0
มืด	5	0	1
หัวหน้า	5	0	1
บรรยาย	5	0	1
พุทธศาสนา	5	1	0
ฝุ่น	5	0	1
เสิร์ฟ	5	0	0
อับอาย	5	1	0
พลังงาน	5	2	0
ทมะ	5	0	0
2008	5	1	1
พูดคุย	5	0	1
มีนาคม	5	0	0
เกษตร	5	0	0
บวก	5	0	2
ทราย	5	1	2
เฟ้อ	5	0	0
พันธุ์	5	0	0
สนอง	5	1	0
วินาที	5	0	0
อันดามัน	5	0	0
รุ่ง	5	1	1
สมควร	5	0	1
เสื้อ	5	0	2
วัตถุประสงค์	5	0	0
ทะเบียน	5	0	0
อย่างยิ่ง	5	1	1
โต๊ะ	5	0	0
มารยา	5	0	0
แวดล้อม	5	2	1
น.ส.	5	1	3
ดอลลาร์	5	4	0
ซ้อน	5	0	1
บัตร	5	1	0
อย่างเช่น	5	0	1
อุปนิสัย	5	1	0
ประณาม	5	1	0
เพิ่ง	5	0	0
ประทาน	5	0	1
พิมพ์	5	2	3
เอ็ดวาร์ด	5	0	1
ทำลาย	5	0	2
นัด	5	4	0
เศรษฐี	5	0	1
ก็ดี	5	0	0
ศตวรรษ	5	0	0
โต้	5	1	1
กั้น	5	2	0
ผลประโยชน์	5	0	0
ไร	5	1	0
ผ้า	5	0	2
ประพฤติ	5	0	0
วัง	5	0	1
ศก.	5	0	0
หนัง	5	1	0
จาลุกยะ	5	0	1
นิตยสาร	5	1	1
นคร	5	0	0
กำไร	5	0	1
ส่วนผสม	4	1	0
ด้วยกัน	4	0	1
บั้ง	4	1	0
งดงาม	4	0	1
สถาปัตยกรรม	4	0	0
จัตุรัส	4	0	0
นิสิต	4	0	1
สกลนคร	4	0	0
44	4	0	0
มกราคม	4	1	0
บารัก	4	0	0
ผลดี	4	1	1
เป็นได้	4	0	1
ฝูง	4	2	1
90	4	1	0
บริจิตต์	4	0	2
สเตลล่า	4	0	0
ร่วง	4	1	0
500	4	1	0
เมีย	4	0	0
ดาบ	4	1	1
สีสัน	4	0	0
เสน่ห์	4	0	0
ยื่น	4	1	1
แกะ	4	1	0
รอย	4	3	3
แทนที่	4	0	0
กาลเวลา	4	0	0
ช้านาน	4	0	0
ดันดี	4	0	1
ถอน	4	1	0
เจ็ด	4	2	0
บาร์เรล	4	3	0
เกษตรกร	4	1	0
โมโห	4	0	0
โกรธ	4	0	0
เสพ	4	0	4
อ่อนแอ	4	1	0
ท้องฟ้า	4	0	0
ขงจื๊อสมัยใหม่	4	0	0
เสรี	4	0	0
ส่วนมาก	4	1	0
เพียบ	4	0	0
บวช	4	1	1
แท้จริง	4	0	1
จุฬาลงกรณ์มหาวิทยาลัย	4	0	0
43	4	1	0
อาเฟอร์กัมป์	4	0	0
ประธาน	4	0	2
เสาร์	4	0	1
กิโลเมตร	4	1	2
หาง	4	0	1
น้ำตาล	4	0	0
นิ้ว	4	0	0
พราก	4	1	0
พระราชทาน	4	0	0
สโมสร	4	0	1
ยินดี	4	2	0
เยาว์	4	0	0
ปฏิรูป	4	0	0
เหี้ยม	4	0	0
ดูด	4	0	0
สาธารณสุข	4	1	0
ระบาด	4	0	1
คติ	4	1	0
คาทอลิก	4	0	0
บัลลังก์	4	0	0
บั้งไฟ	4	3	2
น่ารัก	4	0	0
เดือดร้อน	4	0	0
คลาย	4	0	0
บกพร่อง	4	0	0
โจโฉ	4	0	0
เล่าปี่	4	0	1
พระคุณ	4	1	1
ย่าน	4	0	1
สิ่งก่อสร้าง	4	0	0
บ้านเรือน	4	1	0
ยูเอ็น	4	0	0
ตะวันออกกลาง	4	0	1
อนิเมะ	4	0	0
มิถุนายน	4	0	1
29	4	0	0
สิงหาคม	4	2	0
ขวบ	4	0	0
ศีรษะ	4	0	3
ลา	4	1	1
เอื้อ	4	0	0
ประมง	4	0	3
สื่อสาร	4	1	2
โสม	4	1	0
ค้าน	4	0	1
ประท้วง	4	1	0
โรงพยาบาล	4	0	0
แผล	4	1	0
รถเมล์	4	0	0
ซูชิ	4	0	1
กรกฎาคม	4	1	0
เบี่ยง	4	0	3
เบน	4	0	2
โมง	4	1	2
อาสาสมัคร	4	0	1
พักพิง	4	0	1
ขึ้นชื่อ	4	1	0
เยี่ยม	4	0	2
ทัพบก	4	0	0
เด็ด	4	0	0
เดี่ยว	4	0	0
สรร	4	0	0
วาระ	4	0	1
ตรุษจีน	4	0	0
สนุกสนาน	4	0	1
ปีศาจ	4	0	0
นอกใจ	4	0	2
เผื่อ	4	0	1
กตเวที	4	0	2
อำนวย	4	0	1
บทความ	4	0	0
ตัวเรา	4	0	2
ชอกกอธ	4	0	0
น้ำใช้	4	1	0
ไฟฉาย	4	1	0
สำรอง	4	0	0
คละคลุ้ง	4	0	0
อิฐ	4	1	1
อิตาลี	4	0	0
ถึงแม้	4	1	0
ปริญญา	4	0	0
เอก	4	2	1
ชื่นชม	4	0	0
ดำรงชีวิต	4	2	0
แถว	4	0	0
บริสุทธิ์	4	0	0
วิลเลียม	4	0	0
หก	4	0	0
คาราบาว	4	0	0
วุ่นวาย	4	1	0
แกร่ง	4	0	3
ดั่ง	4	0	0
ต่างประเทศ	4	0	0
ปฏิ	4	0	2
กิริยา	4	0	2
ฟิวชั่น	4	1	1
ฟิชชั่น	4	0	1
สุขา	4	0	0
เคลื่อนที่	4	0	0
ขโมย	4	1	2
กล่าวคือ	4	0	0
สารภาพ	4	0	0
ชัง	4	0	0
เชื้อรา	4	0	0
ดินแดน	4	0	0
แข้ง	4	0	0
แวมไพร์	4	1	0
เฒ่า	4	1	0
จันทร์	4	1	0
สุรา	4	0	0
ตัดสินใจ	4	3	1
ผีสาง	4	0	0
เกลียด	4	0	0
ฟื้นฟู	4	0	1
จิตรี	4	1	0
ทัวร์	4	0	0
แฉ	4	1	0
กรุงเทพ	4	0	0
อ่าว	4	0	0
ติดต่อ	4	3	1
แวด	4	0	1
สับสน	4	1	0
เจนจิรา	4	1	0
สิ่งแวดล้อม	4	1	0
ประสูติ	4	0	0
อังคาร	4	1	1
โจม	4	1	1
ห้วง	4	0	0
มอเตอร์ไซด์	4	1	5
จอด	4	1	0
โหราศาสตร์	4	0	0
ที่อยู่	4	0	0
ปรึกษา	4	0	1
ถกเถียง	4	0	1
นิ่ง	4	0	0
บางที	4	0	0
โอน	4	0	0
ด่าน	4	0	0
เสียดาย	4	0	0
เก่า	4	1	1
กุนซือ	4	0	0
อาณา	4	0	0
นิคม	4	0	0
ปราชญ์	4	0	0
ชิด	4	0	0
ได้ยิน	4	2	1
โยน	4	0	0
พาหนะ	4	0	0
เมนู	4	0	2
หวาน	4	1	1
หมู	4	0	2
สันดาป	4	0	0
พระเจ้าบรมวงศ์เธอ	4	0	0
ผนัง	4	0	0
สำนึก	4	0	0
เจ้าหน้าที่	4	0	2
ขงจื่อสมัยใหม่	4	0	0
สายตา	4	0	1
ธรรมดา	4	1	1
โลง	4	1	2
กัด	4	0	0
สากล	4	1	0
ง้อ	4	0	0
การลงทุน	4	1	0
โทร	4	0	3
ผบ.	4	0	0
ลับ	4	2	1
พัด	4	0	1
ท้องถิ่น	4	0	0
เยียวยา	4	1	0
ทวี	4	1	1
ทศวรรษ	4	0	0
มงคล	4	0	0
บูชา	4	0	1
แบก	4	0	0
คำกล่าว	4	0	0
รอบคอบ	4	0	0
ค่ะ	4	0	0
ขอโทษ	4	0	0
เป้าหมาย	4	1	0
ท้องถนน	4	1	0
รุน	4	0	1
ความสำคัญ	4	1	0
28	4	0	0
ละเอียด	4	1	0
หวาด	4	0	0
เจมส์	4	0	0
ศิลปิน	4	0	0
แกรมมี่	4	0	0
ชาวต่างชาติ	4	0	0
มณฑล	4	0	0
หลับ	4	1	0
หลีกเลี่ยง	4	0	0
เสา	4	0	1
แมลง	4	0	0
กระทั่ง	4	2	1
ยูเครน	4	0	2
กลมกลืน	4	0	0
ชัก	4	0	0
หยิบ	4	0	0
ใบเสร็จ	4	1	1
23	4	0	0
ยุบ	4	1	1
เครื่องดื่ม	4	0	0
22	4	1	2
ขยัน	4	0	0
มอเตอร์	4	0	0
หรือเปล่า	4	1	0
ก็ได้	4	1	0
คัด	4	0	1
แรม	4	0	0
สับ	4	0	0
เหรียญสหรัฐ	4	0	0
สมอง	4	0	0
วิทยุ	4	1	0
สถาปนา	4	3	0
โรฮิงยา	4	0	0
แคนาดา	4	0	0
ต้นทุน	4	0	0
คนเรา	4	0	0
แสวง	4	0	0
พันธบัตร	4	0	0
บัญญัติ	4	0	1
ข้อง	4	0	1
หวย	4	0	1
พายุ	4	1	0
สุก	4	0	0
ผู้เขียน	4	0	0
หนังสือพิมพ์	4	1	0
ซีเอ็นเอ็น	4	1	0
เมื่อวาน	4	0	1
จูง	4	0	0
ปูติน	4	0	0
ทะเลาะ	4	0	0
ตระหนก	4	1	0
รา	4	0	1
ขุนช้าง	4	2	2
อาณาจักร	4	1	0
ฝน	4	0	1
ย่ำ	4	0	0
แทรก	4	0	1
หลอด	4	0	0
ช้า	4	1	1
รอบข้าง	4	0	0
ภูเก็ต	4	0	0
เครดิต	4	0	0
บัดนี้	4	0	0
ส้ม	4	0	0
กระต่าย	4	0	0
เจน	4	0	0
สิง	4	0	0
แทง	4	0	0
คุณแม่	4	1	2
อายตนะ	4	2	0
ทวีป	4	0	0
สรุป	4	0	0
ฮ่องกง	4	0	0
เลี่ยง	4	0	0
เพียงแค่	4	0	0
ไข้	4	1	5
เวร	4	0	0
ศรีพันวา	4	0	1
ทิศ	4	0	0
จมูก	4	0	0
ถี่	4	0	0
18	4	0	2
กอล์ฟ	4	0	0
ยี่ห้อ	4	1	0
แทนกันยีกา	4	0	0
หลุด	4	1	0
สึก	4	1	2
สัน	4	1	0
เติบ	4	1	0
ขันติ	4	1	1
มาตร	4	0	1
สหภาพ	4	0	0
เมา	4	0	0
แต่งงาน	4	0	1
หลาก	4	0	0
ฮินดู	3	0	0
เพราะฉะนั้น	3	0	0
โขง	3	0	1
มรดก	3	4	0
จ.	3	3	2
แจกจ่าย	3	1	0
เอกราช	3	0	0
เฉลิมพระเกียรติ	3	0	0
เร้า	3	0	0
คำนึง	3	3	0
ภาษิต	3	0	0
สัจธรรม	3	0	0
แฝง	3	1	0
ปกป้อง	3	1	0
ดาวโจนส์	3	0	0
เหลี่ยม	3	0	1
กิ๊ก	3	0	0
คาบ	3	0	0
ปราม	3	0	0
ไอร์แลนด์	3	0	0
ดุ	3	0	1
กระพริบ	3	0	1
รูปธรรม	3	0	0
รายละเอียด	3	1	1
สงฆ์	3	0	1
ยิว	3	1	0
ชนวน	3	0	0
พุธ	3	2	0
สันติ	3	0	0
ทฤษฎี	3	0	0
อุณหภูมิ	3	0	2
องศา	3	0	0
พระพุทธเจ้า	3	0	0
เลื่อมใส	3	0	0
ลาย	3	2	0
เหลือง	3	0	1
เล็บ	3	0	0
ประจักษ์	3	0	1
ปลีก	3	0	0
น้ำใจ	3	0	1
เพียงแต่	3	0	1
เอกลักษณ์	3	0	0
หัวใจ	3	0	0
กรอบ	3	0	1
สไตล์	3	0	0
พ้อง	3	0	0
กลางคืน	3	0	0
ตอนนั้น	3	0	0
เหมือนกัน	3	0	0
กระโดด	3	0	1
ดั้งเดิม	3	0	0
ภูมิ	3	1	3
อาณาเขต	3	0	0
ต่อต้าน	3	1	1
การเลือกตั้ง	3	1	0
ตรงข้าม	3	0	0
มด	3	0	0
เปี่ยม	3	0	1
ร่ม	3	0	1
เกล้า	3	0	1
อยู่ดี	3	0	0
สิงห์	3	0	0
ที่ผ่านมา	3	1	0
อุปสรรค	3	2	1
ซึม	3	0	0
ช็อต	3	0	0
สน.	3	1	0
ก้อน	3	0	1
มิได้	3	0	0
เบื้องหลัง	3	0	0
บิดา	3	0	0
ขู่	3	0	0
บึง	3	0	0
ศรีราชา	3	0	0
ตุรกี	3	0	0
ไต่	3	0	0
คา	3	0	0
สระบุรี	3	0	0
ร่ำไห้	3	0	0
เนื่องด้วย	3	0	1
ชรา	3	1	0
พ.ย.	3	1	1
ผช.	3	0	0
ผญบ.	3	0	0
ครั้น	3	0	0
ลุย	3	0	0
ต้นไม้	3	0	0
ตกแต่ง	3	0	0
อวัยวะ	3	0	0
บอบ	3	0	0
ช้ำ	3	0	0
กระเป๋า	3	0	1
ป้าย	3	0	0
สยอง	3	0	0
เปื้อน	3	0	0
ชีวพิษ	3	0	0
ยัน	3	5	0
ถัด	3	0	0
ทางเลือก	3	0	1
เปรียบเสมือน	3	0	0
ดอกไม้	3	0	0
ประดับ	3	0	2
คว้า	3	0	0
2540	3	0	0
แอมเนสตี้	3	0	1
อินเตอร์เนชั่นแนล	3	0	0
รณรงค์	3	0	1
แปร	3	2	0
กระ	3	0	0
ทั่ง	3	0	0
รือ	3	0	1
อิรัก	3	0	0
ถือว่า	3	0	0
เวียดนาม	3	0	1
ไต้หวัน	3	0	0
ดุล	3	0	0
ทาส	3	0	0
กร	3	0	0
สยาม	3	0	1
ค่อน	3	0	1
ฝัง	3	0	1
วิวัฒนาการ	3	0	0
หมู่บ้าน	3	0	0
ดวงตา	3	0	1
หมอก	3	0	0
ลาง	3	0	1
2556	3	0	0
กวาด	3	0	0
ฆ่าตัวตาย	3	1	0
ใคร่	3	1	0
กระชับ	3	1	0
งด	3	0	0
พอเพียง	3	0	1
แน่น	3	1	0
ระลึก	3	1	0
หรูหรา	3	0	0
17	3	1	1
หลั่ง	3	1	1
อบจ.	3	0	0
ห้ามปราม	3	0	0
กิตติ	3	0	1
แท็กซี่	3	0	0
ธรรมารมณ์	3	0	0
จอ	3	0	0
วาด	3	0	0
ขยับ	3	1	0
วิจารณญาณ	3	0	2
ร็อค	3	0	0
พฤษภ	3	0	0
เมถุน	3	0	0
มีน	3	0	0
ลำดับ	3	0	0
2547	3	0	0
เวียน	3	0	2
ว่าย	3	0	0
อาหรับ	3	0	0
แข็งแกร่ง	3	0	0
ยาวนาน	3	0	0
ฟุ่มเฟือย	3	0	0
ชะลอ	3	1	0
โยก	3	2	0
ตีจู้เอี้ย	3	0	0
จี้	3	0	0
ก้น	3	0	0
เครื่องราง	3	0	0
ของขลัง	3	0	0
ยิน	3	0	0
ทรมาน	3	0	0
กวนตานาโม	3	1	0
เรียลลิตี้โชว์	3	0	1
กิโล	3	0	0
สมชาย	3	0	0
วงศ์สวัสดิ์	3	0	0
ระบาย	3	1	0
มุก	3	0	0
เล็งเห็น	3	0	0
หลั่งไหล	3	0	0
เลว	3	0	3
กุมภาพันธ์	3	0	0
ละเลย	3	1	0
กระแสไฟฟ้า	3	0	0
ออสเตรเลีย	3	1	3
ชั่วโมง	3	0	0
สั้น	3	2	1
รัชกาล	3	0	0
นา	3	0	0
ปลูก	3	1	0
โรงงาน	3	0	0
ขับรถ	3	0	2
โครงสร้าง	3	0	0
พจนานุกรม	3	0	0
วันนี้	3	1	0
นึง	3	1	1
สังคมศาสตร์	3	0	0
สภ.	3	0	0
ไตร่ตรอง	3	0	0
ประเมิน	3	1	0
เลบานอน	3	0	1
สมบูรณ์	3	0	0
ผัด	3	0	0
สอบสวน	3	0	0
ครรภ์	3	0	0
กัมพูชา	3	1	0
2557	3	0	0
พรสวรรค์	3	0	0
เอาชนะ	3	1	0
แน่	3	2	4
หัก	3	0	0
โปรตุเกส	3	0	0
ความจริง	3	0	0
นึกถึง	3	0	0
วิถี	3	0	0
บีบี	3	0	0
ก่อนอื่น	3	0	0
ซื่อสัตย์	3	0	0
สรรค์	3	0	0
โดด	3	1	0
คุ้ม	3	0	0
จตุจักร	3	0	0
สำนักงาน	3	0	1
จำพวก	3	1	1
รื้อ	3	2	0
เจต	3	0	0
จำนง	3	0	0
ผลัก	3	0	1
กองทัพ	3	2	0
ซ่าน	3	0	0
ที่แล้ว	3	0	0
ดีงาม	3	1	0
บังเอิญ	3	0	0
เบื่อ	3	0	0
ธาตุ	3	2	0
รหัส	3	0	0
ปฏิเสธ	3	3	2
ริม	3	1	0
คุณลักษณะ	3	0	0
เคยชิน	3	0	0
สำรับ	3	3	1
ตอบสนอง	3	1	1
ที่ไหน	3	0	1
ที่พึ่ง	3	0	1
อียู	3	0	0
สุดยอด	3	0	1
เอฟทีเอ	3	0	0
บุรุษ	3	1	1
แมนเชสเตอร์ยูไนเต็ด	3	0	0
เซนติเมตร	3	0	0
อักเสบ	3	1	0
ที่สำคัญ	3	0	0
ประชาธิปไตย	3	0	1
เริ่มต้น	3	1	2
นักท่องเที่ยว	3	0	0
องค์กร	3	0	0
วิป	3	0	0
ภู	3	0	0
รัชสมัย	3	0	0
อเมริกัน	3	0	2
สีหน้า	3	1	0
ถนัด	3	1	0
ฤดู	3	1	0
น่ากลัว	3	1	0
พัฒนาการ	3	0	0
สันนิษฐาน	3	0	0
ท่าม	3	0	2
แปด	3	0	0
บาดเจ็บ	3	0	0
กลไก	3	0	0
คองเกรส	3	0	0
ค่านิยม	3	0	0
ฮุนได	3	0	0
เล็กน้อย	3	0	0
บันเทิง	3	1	1
อัด	3	1	0
ซีเมนต์	3	0	0
ตึก	3	0	3
ตะโกน	3	0	1
โกง	3	0	0
โทรม	3	1	1
อบายมุข	3	0	0
ลวก	3	0	0
ชัยภูมิ	3	0	0
รองเท้า	3	1	0
แก่ง	3	0	0
ดอก	3	0	1
1,000	3	1	0
ถัง	3	1	1
คิม	3	0	0
ห่วง	3	0	2
คุณค่า	3	0	1
โศก	3	0	0
พระบรม	3	0	0
จริงจัง	3	1	0
มิจฉาชีพ	3	0	0
นอกจากนั้น	3	0	0
เนื้อสัตว์	3	3	0
ชาวบ้าน	3	0	0
2544	3	0	0
กาวน์	3	0	0
ขวา	3	0	1
แสวงหา	3	0	0
บราซิล	3	0	1
มั่นใจ	3	1	2
แค่ไหน	3	0	0
พระบาทสมเด็จพระนั่งเกล้าเจ้าอยู่หัว	3	0	0
แย่ง	3	0	0
อุดมการณ์	3	0	0
เศษ	3	0	0
งง	3	1	0
บาดาล	3	0	0
เชื่อถือ	3	0	0
สามี	3	1	0
ชีวภาพ	3	0	0
สิริ	3	0	1
เกรง	3	0	0
จิ้งจอก	3	0	3
ชั่วคราว	3	0	1
เป็นไปได้	3	0	0
เชฟ	3	0	0
ชื่น	3	1	1
คาถาอาคม	3	0	0
คลอง	3	0	0
ยืม	3	0	0
Lo-Society	3	0	0
นครราชสีมา	3	0	0
35	3	0	0
รวด	3	1	0
ย้อนกลับ	3	0	0
ประคบประหงม	3	1	0
ท้าทาย	3	0	0
ศูนย์ไซเบอร์กองทัพบก	3	0	0
ยืนยัน	3	0	0
สิ้นสุด	3	0	0
รูด	3	0	1
เร่งรีบ	3	0	0
อบ	3	0	0
อุ่น	3	0	1
ไข่	3	0	0
เหล้า	3	0	0
authen	3	0	0
แค้น	3	1	0
นิรภัย	3	0	0
ใหญ่โต	3	0	0
ไพ่	3	0	1
เช่นเดียวกับ	3	0	0
คิดถึง	3	0	0
ประกอบด้วย	3	2	0
หลักฐาน	3	0	0
สดใส	3	1	1
ปฏิวัติ	3	0	0
พระตรีมูรติ	3	0	0
คนขับ	3	0	0
พลัด	3	0	0
หรอก	3	0	0
ดร.	3	0	0
ตู้	3	2	1
หรือยัง	3	0	1
อุปโภคบริโภค	3	1	0
เกณฑ์	3	0	0
หาด	3	0	0
ภูบดีราชหฤทัย	3	1	0
วิชาการ	3	0	0
ทัศนียภาพ	3	0	0
อีสป	3	1	3
ข้อคิด	3	0	0
ทดสอบ	3	0	0
ไก	3	0	1
เสก	3	1	0
อิ่ม	3	0	0
แม้กระทั่ง	3	1	0
บาป	3	0	1
เบา	3	1	2
สมัยก่อน	3	1	0
ลาม	3	0	0
แอบ	3	0	1
เกษตรศาสตร์	3	0	0
ฉะนั้น	3	0	0
รัศมี	3	0	0
เท่าไร	3	1	0
บ่น	3	0	0
หยิน	3	0	0
คมนาคม	3	1	2
สอด	3	0	0
ตรี	3	0	0
วิศวกรรมศาสตร์	3	0	0
หมดตัว	3	0	0
พระสงฆ์	3	0	0
ล.	3	0	0
อิสระ	3	1	0
นายพราน	3	0	0
อาจจะ	3	0	0
ทิเบต	3	0	0
สาหร่าย	3	0	1
บัด	3	0	0
มอร์	3	0	0
มิวสิก	3	0	0
ป้อม	3	0	0
ประสพชัย	3	0	0
ภูมิภาค	3	0	0
แน่ใจ	3	0	0
ล่ะ	3	1	0
260	3	0	0
หลายต่อหลาย	3	0	0
ซึ่งกันและกัน	3	1	0
นิกาย	3	0	0
กำลังใจ	3	0	0
280	3	0	0
เช็ก	3	0	0
บารัค	3	0	0
เชิญ	3	0	0
ทีเดียว	3	0	1
โทรศัพท์	3	1	4
พึ่งพา	3	1	0
พระตำหนัก	3	0	0
ปาก	3	1	2
ข้อเสีย	3	0	0
กลับกลาย	3	0	0
ชื่อเสียง	3	0	1
บะหมี่	3	0	0
บาดามี	3	0	0
ลูกไฟ	3	0	0
มัวแต่	3	0	0
บรรเทา	3	0	1
เกียร์	3	0	0
ชา	3	0	0
หยั่ง	2	0	0
เทวนิยม	2	0	0
องค์ประกอบ	2	0	0
ลุ่ม	2	0	0
มัสยิด	2	0	0
นักช์อี	2	0	0
ญะฮัน	2	0	0
99	2	0	0
ระแงะ	2	0	0
นราธิวาส	2	2	1
ยังชีพ	2	1	0
เครื่องใช้	2	1	0
ชีพ	2	0	1
อาณานิคม	2	1	0
วิทยาการ	2	0	0
ซิงเกิล	2	0	0
ชาร์ต	2	1	0
สหราชอาณาจักร	2	0	1
ครวญ	2	0	0
เฉียด	2	0	0
กาโสด	2	0	0
ยุ่ง	2	0	0
แดมพีล	2	0	0
วิกฤตการณ์	2	0	0
อุ่นใจ	2	0	1
ภยันตราย	2	0	0
8,000	2	0	0
แอนด์	2	0	0
กราด	2	0	0
อบรม	2	0	1
ล้ำ	2	1	0
สำนวน	2	0	0
สมรรถภาพ	2	1	0
บุคลิกภาพ	2	2	0
เพิ่มเติม	2	0	0
ครอมเวลล์	2	0	0
จิมมี	2	0	0
ทยอย	2	0	0
จัง	2	0	0
ไพร์ด	2	0	1
เหรอ	2	0	0
กรีก	2	0	0
ไฮยาดีส	2	0	0
เว้น	2	0	0
บ่อ	2	0	0
สุจริต	2	0	0
กุมภ์	2	0	0
เบียดเบียน	2	1	0
เทา	2	0	0
สถานะ	2	0	1
จักรวรรดิ	2	0	0
โรมัน	2	0	1
180	2	1	0
พระพุทธองค์	2	0	1
ทูล	2	0	0
กุลบุตร	2	0	0
ภิกษุ	2	0	1
จีดีพี	2	0	0
ฮือฮา	2	0	1
!	2	1	0
อัญเชิญ	2	0	0
สิงสถิต	2	0	0
พลิก	2	1	1
2012	2	1	0
2011	2	1	0
47	2	0	0
QS	2	0	0
Asian	2	0	0
Universities	2	0	0
Ranking	2	0	0
ศิลปะ	2	0	0
นาฬิกา	2	0	0
ปอด	2	0	1
ตาราง	2	0	0
สลับ	2	0	0
งุ้ม	2	0	0
ลั่น	2	0	1
ฝี	2	0	0
สวัสดี	2	0	0
สัมพันธไมตรี	2	0	0
มนุษยชาติ	2	0	0
อภัย	2	1	0
เกียรติ	2	1	0
หน้าตา	2	1	1
ซึ้ง	2	0	0
ขงจื่อ	2	1	0
มาเฟีย	2	0	0
อิเล็กทรอนิกส์	2	0	0
สปอร์ต	2	0	0
คอมแพคท์	2	0	0
นวลอนันต์	2	0	1
2474	2	0	0
พล.ต.อ.	2	0	0
จงรัก	2	1	0
ล่า	2	1	0
มีเทน	2	0	0
หมายความ	2	0	0
ป่าช้า	2	0	0
ทูต	2	0	0
ออย	2	0	1
บ้า	2	0	0
ครา	2	0	0
อุทิศ	2	0	0
คลี่	2	0	0
อาณาประชาราษฎร์	2	0	0
พ่อแม่	2	1	1
ฝ่า	2	0	0
ชำรุด	2	2	1
โหดร้าย	2	0	0
ท้อ	2	0	0
ครั้งนี้	2	0	0
2558	2	0	0
เสรีภาพ	2	0	1
เวลส์	2	0	0
98	2	0	0
ปีน	2	0	0
ตะวันออกเฉียงเหนือ	2	0	0
กระเบื้อง	2	0	0
หวน	2	0	1
เพราะว่า	2	1	0
คำสั่ง	2	0	1
::	2	0	0
ประสาท	2	1	0
เยรูซาเลม	2	0	0
ศุกร์	2	0	0
ธุระ	2	0	0
เมษ	2	0	0
ทะเยอทะยาน	2	0	0
หลอน	2	1	0
1848	2	0	0
ตลอดจน	2	0	0
เคมี	2	0	0
พุนต์แลนด์	2	0	2
บริวาร	2	0	0
ธูป	2	0	0
จัดเรียง	2	0	1
โอ	2	0	0
the	2	0	0
โลหิต	2	0	1
แชมป์	2	0	1
ความพร้อม	2	0	0
2539	2	0	0
อนุมัติ	2	0	0
ศูนย์เทคโนโลยีทางทหารกองทัพบก	2	0	0
แจง	2	0	0
สุ่ม	2	0	0
ใช้จ่าย	2	1	0
ลุ้น	2	0	0
อัฟกานิสถาน	2	0	0
ไหม	2	1	0
เบื้อง	2	1	2
บรรทุก	2	0	1
เฉลิม	2	0	0
กาล	2	0	0
รีบร้อน	2	0	0
นี่เอง	2	0	0
ศักดินา	2	0	0
ทารุณ	2	0	0
เหลือเกิน	2	0	0
ตัณหา	2	0	0
คนรัก	2	0	0
ลิกไนต์	2	0	1
โดดเดี่ยว	2	1	0
ฉะ	2	0	0
สลด	2	0	0
อ้างว้าง	2	0	0
ผืน	2	0	0
พัง	2	0	0
พินาศ	2	0	0
โท	2	0	0
เมทริกซ์	2	0	3
แบตเตอรี่	2	0	0
สัจจะ	2	0	1
ซื่อ	2	0	0
สัตย์	2	0	0
ซูบารุ	2	1	0
ฟอร์เรสเตอร์	2	1	0
คลาสสิก	2	0	0
แหละ	2	0	0
บลูเรย์	2	0	0
อา	2	0	1
สาธารณรัฐ	2	0	0
สาธารณรัฐนิยม	2	0	0
เสื้อผ้า	2	0	0
ศีล	2	0	0
ศาสนกิจ	2	0	0
เคร่งครัด	2	0	2
วาจา	2	0	0
ชำระ	2	0	0
ตุ๋น	2	2	0
เปื่อย	2	0	0
ล่าช้า	2	0	0
ท้อถอย	2	0	0
กม.	2	0	0
ประคอง	2	0	0
ราบ	2	2	2
ขึ้นอยู่กับ	2	0	2
หน้าอก	2	0	0
ลมหายใจ	2	0	0
เหม็น	2	0	0
เต๋า	2	0	0
ค้ำจุน	2	0	0
แอ๊ด	2	0	0
ชก	2	0	0
เสมือน	2	0	1
เท่าใด	2	0	0
เหมือนกับ	2	1	0
รวย	2	0	0
ค้าง	2	0	2
บุญคุณ	2	0	0
2559	2	0	1
เท่ากับ	2	0	2
กลวิธี	2	0	0
51	2	0	0
มิสออลเนชันส์	2	0	0
ประพันธ์	2	2	1
ศัตรู	2	3	0
อนุชา	2	0	0
วิตกกังวล	2	0	0
กันย์	2	0	0
ธนู	2	0	0
ลิขิต	2	0	0
เดิมพัน	2	0	0
สัมภาษณ์	2	0	0
เต้น	2	0	0
เหนื่อย	2	1	0
ผิวเผิน	2	0	0
เบาะแส	2	0	0
ไท่ส่วยเอี้ย	2	0	0
ไฉ่ซิงเอี้ย	2	0	1
ปกปักรักษา	2	0	0
อยู่อาศัย	2	0	0
พระพิฆเนศ	2	0	0
เผ็ด	2	0	0
ช้อน	2	0	0
เจไอ	2	0	0
เครื่องบิน	2	0	0
ชางงี	2	0	0
ซ้ำ	2	1	1
สวรรคต	2	0	0
ไสยศาสตร์	2	1	1
พยากรณ์	2	0	0
วิสุงคาม	2	0	0
สีมา	2	0	0
ประสิทธิ	2	0	1
ห้า	2	1	1
สนธิ	2	0	0
ขับไล่	2	0	0
ช่องทาง	2	1	0
หน้าต่าง	2	0	0
จิตรลดา	2	0	0
ชินวัตร	2	0	0
ดารา	2	2	0
ขาดสาย	2	0	0
กากี	2	0	0
เหว	2	1	0
อาร์เซน่อล	2	0	0
แซม	2	0	0
2334	2	0	0
แก้มือ	2	0	0
เสียก่อน	2	0	0
ทันท่วงที	2	0	0
ศักดิ์	2	1	0
โชว์	2	0	0
1789	2	0	0
จู่	2	0	1
สังหรณ์	2	1	0
ล่วงหน้า	2	2	1
เชปเพิร์ด	2	0	0
ลาน	2	0	0
พระบาทสมเด็จ	2	0	0
ลอนดอน	2	3	0
สลาย	2	2	0
ราชบัณฑิตยสถาน	2	0	0
เร้นลับ	2	1	0
เดือด	2	0	1
45,000	2	0	0
ลี้ลับ	2	0	1
วูบ	2	0	0
ขุน	2	0	0
ปฎิบัติ	2	0	0
ลักษณ์	2	1	0
โฉบ	2	0	0
เฉี่ยว	2	0	0
อียิปต์	2	0	1
แอฟริกา	2	0	0
เข้าถึง	2	0	0
ปู	2	0	0
ผู้ต้องหา	2	1	3
หงส์ทมิฬ	2	0	0
สุขภาพจิต	2	0	0
มนุษยสัมพันธ์	2	0	0
พ่ายแพ้	2	0	0
ภายหลัง	2	1	2
แพร่งนรา	2	0	0
เครื่องรางของขลัง	2	0	1
อิตาเลียน	2	0	0
อักษร	2	0	0
วงศ์	2	0	0
กิจวัตร	2	0	0
แก้ม	2	0	0
เกลื่อนกลาด	2	0	0
ท้องที่	2	1	0
เก้า	2	0	0
เลินเล่อ	2	0	0
เร้ดแน็ปป์	2	0	0
เช่นเดียว	2	0	0
เว้นแต่	2	0	0
กระสุน	2	2	0
ส่อง	2	1	0
จักร	2	1	0
เจ้าฟ้า	2	0	0
สุรินทรรักษ์	2	1	0
2373	2	1	0
ปลอบ	2	2	0
เทียม	2	0	0
อม	2	0	0
ผู้ใหญ่	2	1	0
ระเบียบ	2	1	0
พลัน	2	0	0
เสียใจ	2	0	0
ทะนง	2	1	0
ละเว้น	2	0	0
สติปัญญา	2	0	0
มิดชิด	2	0	0
มหาสารคาม	2	0	0
26	2	2	1
ศึกษาธิการ	2	0	0
2533	2	0	0
บริหารงาน	2	0	1
อักขระ	2	0	0
ปลุกเสก	2	0	0
อย่างน้อย	2	0	0
ความรู้สึก	2	0	0
ตุลาคม	2	0	1
เซาธ์ซี	2	0	0
แผง	2	0	0
เจ้าที่	2	0	0
ราช	2	0	0
เจนรัลออฟดิอาร์มีส์	2	0	0
ขับเคลื่อน	2	0	0
นับว่า	2	2	0
บรรพบุรุษ	2	0	0
หอน	2	0	0
สึนามิ	2	1	0
เฉียง	2	0	0
ระลอก	2	0	0
ฝ่าฟัน	2	0	0
สุลาเวสี	2	0	0
เดียวดาย	2	0	0
ระเกะระกะ	2	0	0
หลุดพ้น	2	0	0
กับดัก	2	0	0
หยิ่ง	2	0	0
โจทย์	2	0	0
ครัน	2	0	0
ความต้องการ	2	1	0
ลิเทียม	2	0	0
สว่าง	2	0	0
โดยมาก	2	1	0
มาเลเซีย	2	0	1
ฉุกคิด	2	0	0
โสด	2	0	0
แขวน	2	0	1
เคลฟเวอร์ลี่ย์	2	1	0
เด่นชัด	2	0	0
ทมิฬ	2	0	0
ฟอก	2	0	0
สะดุด	2	0	0
ไวกิง	2	0	0
สาหัส	2	0	0
ปริศนา	2	0	0
ส่วนประกอบ	2	0	0
บริจาค	2	0	0
กรุ๊ป	2	0	0
ร่วมมือ	2	2	0
มักง่าย	2	0	0
ลือ	2	0	0
ลอบ	2	0	0
ทาโร	2	0	0
อาโสะ	2	0	0
พึ่งพิง	2	0	0
อภิสิทธิ์	2	1	0
อิเหนา	2	0	0
ลาลูแบร์	2	0	0
เอาไว้	2	0	1
พลเรือน	2	0	0
หัวรุนแรง	2	0	1
ดึงดูด	2	0	0
ฮาล์ฟ	2	0	0
พิชิต	2	0	0
จีนแคะ	2	0	0
กล่าวถึง	2	2	0
เอ่ย	2	0	1
หนุ่ม	2	1	2
เหลียง	2	0	0
อาฝา	2	0	0
ทั่วถึง	2	0	0
หอพัก	2	0	0
สงบสุข	2	0	0
หากิน	2	0	0
กะ	2	0	0
หนาว	2	0	2
คาสิโน	2	0	0
IEEE	2	0	0
รวบ	2	0	1
สระ	2	0	0
ผ่านพ้น	2	0	0
โค้ง	2	1	0
ก้ม	2	0	0
ชิเร	2	0	1
บัญชา	2	1	0
ครองราชย์	2	0	0
เฉียบพลัน	2	1	0
เรื้อรัง	2	0	0
ปืน	2	5	1
ลีก	2	0	0
ริชาร์ด	2	0	0
กรอง	2	0	0
บัญชาการ	2	0	0
นครบาล	2	0	0
ดีวีดี	2	0	0
วัณโรค	2	0	0
ปฏิบัติการ	2	1	1
โทร.	2	0	0
สถิติ	2	0	0
พิธีกรรม	2	0	0
ตามปกติ	2	1	0
ทิฐิ	2	0	0
คอนกรีต	2	0	0
สมอ	2	0	0
สุภาษิต	2	1	0
ท่าธง	2	0	0
ไร่	2	0	0
2407	2	0	0
ไท่ผิง	2	1	0
ราชสำนัก	2	0	0
ประดุจดั่ง	2	0	0
ฮกหลง	2	0	0
รวบรวม	2	0	0
ผูก	2	0	1
โรงแรม	2	0	0
หรู	2	1	0
แขก	2	0	1
คัตเอาท์	2	0	0
คด	2	0	0
พระพรหม	2	0	0
ทอด	2	2	2
ราบรื่น	2	0	0
งวด	2	2	0
กลางวัน	2	0	0
โบก	2	0	0
2464	2	0	0
ตำบล	2	0	0
พาณิชย์	2	0	0
เทศบาล	2	0	0
วัยรุ่น	2	2	1
ลงโทษ	2	0	0
มิติ	2	0	0
150	2	1	0
สุนทรเวช	2	0	0
2018	2	0	0
มือถือ	2	0	0
มะม่วง	2	0	0
หมวก	2	0	0
หลักการ	2	0	0
แต่แล้ว	2	0	0
ทอง	2	3	1
เท่	2	0	0
ราชอาณาจักรไทย	2	0	1
ได้แต่	2	0	0
โปรดเกล้า	2	0	0
ราชโองการ	2	0	0
พุทธศักราช	2	1	0
ปล้น	2	1	0
ล่วง	2	2	1
สุนทรกถา	2	0	0
ของใช้	2	0	0
สมดุล	2	0	1
70	2	1	0
โคม่า	2	0	0
ถอด	2	0	0
กระดุม	2	0	0
วิจารณ์	2	1	0
แนะ	2	0	0
องค์การ	2	0	0
สั่งสอน	2	0	0
แผนการ	2	0	0
เพ็ก	2	0	1
พาวเลอร์	2	0	1
คราบ	2	0	0
เปรียบเทียบ	2	0	0
ปรับปรุง	2	0	0
รายาน	2	0	0
อำมหิต	2	0	0
อวย	2	0	0
แข็งแรง	2	0	0
ยึดมั่น	2	0	0
ปรีชา	2	0	0
ล้วนแล้วแต่	2	2	0
ออกซิเจน	2	1	1
มหาราช	2	0	0
ชู	2	0	1
กำ	2	0	0
รีเทิร์น	2	0	0
อาสา	2	0	0
หารือ	2	0	0
ทักทาย	2	1	0
อินทรียวัตถุ	2	0	0
กล้าม	2	0	0
กลอน	2	0	1
เรียนรู้	2	0	1
เต็มที่	2	0	1
กิจการ	2	2	0
มอมเมา	2	0	0
แผ่	2	0	0
ประวัติ	2	0	1
เล่ห์	2	0	0
เรียบง่าย	2	1	0
สงสาร	2	0	0
เผา	2	0	0
เซ็น	2	3	1
หนอง	2	0	0
คำพูด	2	0	0
หลังคา	2	0	0
จลาจล	2	1	0
ประโยค	2	0	1
ก.ล.ต.	2	0	0
ฆาตกรรม	2	0	0
แพง	2	0	0
คำถาม	2	1	1
เคหสถาน	2	0	0
เปรย	2	0	0
ยิ้ม	2	0	0
ประปา	2	0	0
รู้ตัว	2	0	1
โรมาเนีย	2	0	0
ชนบท	2	0	1
ภัยพิบัติ	2	1	1
อาบน้ำ	2	0	0
แต่งตัว	2	0	0
ศึกสงคราม	2	0	0
เซ็กเพ็ก	2	0	0
ข้า	2	1	0
บวง	2	0	0
สรวง	2	0	0
พฤหัส	2	0	0
โล่ห์เงิน	2	0	0
พัดชา	2	0	0
เชตแฮม	2	0	0
ดังเช่น	2	0	0
เวทมนตร์	2	0	0
จาโคไบต์	2	0	0
บุหรี่	2	0	0
สภาวะ	2	1	1
สาสม	2	0	0
ฮือ	2	0	1
สุเหร่า	2	0	0
ทายาท	2	0	0
ร้อนรน	2	0	0
เมื่อไร	2	0	0
รูปร่าง	2	1	0
โทโย	2	0	0
ปั่น	2	0	0
ทรงจำ	2	0	0
เขี้ยว	2	0	0
ในขณะที่	2	1	1
ฟอร์ด	2	0	0
ผลได้	2	0	0
อีสาน	2	0	0
สยฺง	2	1	0
เคาะ	2	0	0
สาธารณะ	2	0	0
ขบวนการ	2	0	0
ยังไอร์แลนด์	2	0	0
ซอส	2	1	1
ปารานา	2	0	0
ซานตาเฟ	2	0	0
หล่ม	2	0	0
พังทลาย	2	0	0
เหยียบ	2	1	0
อากร	2	0	0
แท่ง	2	0	0
จักรยาน	2	0	0
สหประชาชาติ	2	0	0
รากฐาน	2	0	0
แต่ว่า	2	0	1
ซุน	2	0	0
ยัตเซ็น	2	0	0
MOTOR	2	1	0
SPORT	2	0	0
มหกรรม	2	0	0
เอพี	2	0	0
แมร์คเกิล	2	0	0
ซะ	2	0	0
วางแผน	2	1	1
หมัก	2	1	0
พม่า	2	0	1
เอกสาร	2	0	0
วุฒิสมาชิก	2	0	0
ราษฎร	2	0	0
เอ็ดเวิร์ด	2	0	0
ประจาน	2	0	0
ไม่ค่อย	2	0	0
อมฤตย์	2	0	0
ซี้	2	0	0
ทัศน์	2	0	0
นิวยอร์ก	2	1	0
ลิ้น	2	0	0
ความงาม	2	0	0
ความเครียด	2	0	0
ให้การ	2	0	0
พร้อมทั้ง	2	0	0
บัญชี	2	1	0
ยิ่งกว่า	2	0	0
กบเลือกนาย	2	1	0
ติดตัว	2	0	0
เวิน	2	0	0
ข้าวสวย	2	0	0
รายล้อม	2	0	0
ฟลอริดา	2	0	0
คอมเม้น	2	0	0
ถาวร	2	1	0
2545	2	0	0
วงการ	2	1	0
เห็นชอบ	2	0	0
งบประมาณ	2	0	0
ดอลลาร์สหรัฐ	2	0	0
พีค	2	0	0
ลัก	2	0	1
โป้ปด	2	0	0
จาคะ	2	1	1
2393	2	0	0
ลีกคัพ	2	0	0
เชลซี	2	0	0
เบิร์นลีย์	2	0	0
เชื้อสาย	2	0	0
ชั่วร้าย	2	0	0
ถ่านไฟฉาย	2	1	0
ลอก	2	0	0
หิ้ว	2	0	0
หัวเราะ	2	1	2
พระองค์เจ้าวิวัฒนไชย	2	0	0
พระทัย	2	0	0
แก๊ส	2	0	1
สิงโต	2	0	0
เสแสร้ง	2	0	0
ทริเทียม	2	0	2
โฉย	2	0	0
เบื้องต้น	2	0	0
เลยทีเดียว	2	1	1
ทันสมัย	2	0	0
จิตอาสา	2	2	0
บราวน์	2	0	0
ไทรน้อย	2	0	0
แห่	2	1	1
วิกตอเรีย	2	0	0
โน้ม	2	1	1
แบงค์	2	0	0
วัตถุนิยม	2	0	0
เทพี	2	0	0
สัมฤทธิ์	2	0	0
หยาง	2	0	0
บุคลิก	2	0	0
ไว้ใจ	2	0	0
โมซัมบิก	2	0	0
52	2	0	0
กิจ	2	0	0
คล้อง	2	0	0
อุดมศึกษา	2	0	0
ขาน	2	0	0
พระพุทธรูป	2	0	0
โสมขาว	2	0	0
The	2	0	0
of	2	0	0
ปุละเกศี	2	0	0
โคม	2	0	0
ทวิภาคี	2	0	0
วงศ์จันทร์	2	0	0
ต่างๆนานา	2	0	0
ช่อ	2	0	0
ทะไลลามะ	2	0	0
น้ำจิ้ม	2	0	0
เนื้อหา	2	1	0
เคราะห์	2	0	2
คืบ	2	1	0
เบอร์กันดี	2	0	0
แยกแยะ	2	0	0
เลี้ยงดู	2	0	0
ถาโถม	2	0	0
น่าจะเป็น	2	0	0
ถอนเงิน	2	1	0
พระบาทสมเด็จพระจุลจอมเกล้าเจ้าอยู่หัว	2	0	0
พยาน	2	0	0
พ.ต.อ.	2	1	1
เซีย	2	1	0
ดูถูก	2	1	0
บีบ	2	0	1
แบร็ดฟอร์ด	2	0	0
ซ้อม	2	0	1
เร่งด่วน	2	0	0
2413	2	0	0
ลืมตา	2	0	0
ปีใหม่	2	0	0
คำตอบ	2	0	1
กลืน	2	1	0
หลังจากที่	2	0	0
สาธารณูปโภค	2	0	0
57	2	0	0
สังเวย	2	0	0
บันได	2	1	1
อิสรภาพ	2	0	0
ชอบธรรม	2	0	0
ลูกเต้า	2	0	0
เข้าข้าง	2	0	0
ยานพาหนะ	2	0	0
ระเบียง	2	0	0
1707	2	0	0
“	2	0	0
”	2	0	0
ชลบุรี	2	0	0
สันทนาการ	2	0	0
ปกแดง	2	0	0
เปียโน	2	0	0
อาเดลไฮท์	2	1	0
ปาเร	2	0	0
แก่น	2	0	0
เป็นอย่างดี	2	0	0
คาร์เตอร์	2	0	0
สิทธิมนุษยชน	2	0	0
ประมุข	2	0	0
นวลจันทร์	2	0	0
วรรณคดี	2	0	1
อก	2	0	0
หนี้สิน	2	0	0
WAPs	2	0	0
ประสิทธิผล	2	0	1
เชื้อชาติ	2	0	1
ลี	2	1	0
โสมแดง	2	0	0
เงื่อนไข	2	0	1
ราชทาน	2	0	0
ประหาร	2	0	0
จด	2	0	0
รับใช้	2	0	0
825,000	2	0	0
กันชน	2	0	0
สวิทช์	2	0	0
พวง	2	0	0
ขัดแย้ง	2	1	0
ชิม	2	0	1
ครุ่นคิด	2	0	0
ชิคาโก	2	0	0
ถก	2	0	0
แขวง	2	0	0
หนองค้างพลู	2	0	0
หนองแขม	2	0	0
42	2	1	0
โครงการ	2	1	0
ผบ	2	0	0
สะเทือน	2	1	0
กระปุก	2	0	0
ความสนใจ	2	0	0
ฟิลิป	2	0	0
อีแลม	2	0	0
สนุก	2	1	0
จักรยานยนต์	2	0	0
บรรทม	2	0	0
ตะกรุด	2	0	0
โหมวจงซาน	2	0	0
จร	2	0	0
โยธา	2	0	0
1.8	2	0	0
เถียง	2	0	0
จิ้ม	2	0	0
ปอนด์	2	0	0
39	2	2	0
กลม	2	0	0
2537	2	0	0
คอมมิวนิสต์	2	0	0
สันตะปาปา	2	0	0
โรมันคาทอลิก	2	0	0
ดาวดึงส์	2	0	0
พาดหัวข่าว	2	0	0
ความกดดัน	2	0	0
พอสมควร	2	1	1
คุ้นเคย	2	0	0
ก้าน	2	2	0
53	2	0	0
ป๋วย	2	0	0
อึ๊งภากรณ์	2	0	0
ปรีดี	2	0	0
พนมยงค์	2	0	0
S	2	0	0
E	2	0	0
ลิตร	2	0	0
i	2	0	0
VTEC	2	0	0
อีเธอร์เน็ต	2	0	0
กายภาพ	2	0	1
โรจน์	2	0	0
ครั่น	2	0	0
ปารุสกวัน	2	0	1
อนุสาวรีย์	2	0	0
3.5	2	1	0
นี่แหละ	2	0	0
ปก	2	0	0
เทิด	2	0	0
ทูน	2	0	0
ย่ำแย่	2	0	0
บรรจง	2	0	0
หนี่ง	2	0	0
กรัม	2	0	0
ปราบปราม	2	0	0
น้ำตา	2	1	0
ชิน	2	1	0
ใจดี	2	0	0
อัตโนมัติ	2	0	0
ลงทุน	2	2	0
WPA	2	0	0
มัด	2	0	0
ลาบ	2	0	0
สั่น	2	0	0
ประหลาด	2	0	0
บัณฑิต	2	0	0
มิใช่	2	0	0
เผ็ดร้อน	1	0	0
ปิ้ง	1	0	1
คลุกเคล้า	1	0	0
ลาว	1	0	0
เปอร์เซีย	1	0	0
ยูเนสโก	1	0	0
ซูดิง	1	0	0
แมเร๊าะ	1	0	0
บาโงสะโต	1	0	0
บรรจุ	1	1	0
1776	1	0	0
ศิลปศาสตร์	1	0	0
KU	1	0	0
ไห้	1	0	0
คร่ำ	1	0	0
เฟ้น	1	0	0
7.2	1	0	0
252	1	0	0
ลาดตระเวน	1	0	0
บางลาง	1	0	0
บ้านบือซู	1	0	0
จดจ้อง	1	0	0
ล้างแค้น	1	0	0
ทบ	1	0	0
ทวน	1	0	0
332.13	1	0	0
4.01	1	0	0
7,949.09	1	0	0
แนสแด็ก	1	0	0
5.78	1	0	0
1,440.86	1	0	0
สแตนดาร์ด	1	0	0
พัวร์ส	1	0	0
5.28	1	0	0
แตะ	1	1	0
805.22	1	0	0
มือปืน	1	0	0
อัศจรรย์	1	0	0
ปูนซิเมนต์ไทย	1	0	0
จงชาน	1	0	0
ดุ่ม	1	0	0
เสริมสร้าง	1	0	0
ใฝ่รู้ใฝ่เรียน	1	0	0
โอลิเวอร์	1	0	0
1649	1	0	0
โฮเซ	1	0	0
นาโปเลส	1	0	0
โฟร์แมน	1	0	0
เอลลิส	1	0	0
ลุยส์	1	0	0
โรดริเกซ	1	0	0
วิลลี	1	0	0
พาสตราโน่	1	0	0
พวกนาง	1	0	0
บุตรี	1	0	0
ไททัน	1	0	0
แอตลัส	1	0	0
อัปสร	1	0	0
ไพลยานี	1	0	0
ไฮแอส	1	0	0
คาลิปโซ	1	0	0
Atlantides	1	0	0
Dodonides	1	0	0
Nysiades	1	0	0
แบคคัส	1	0	0
ผลตอบแทน	1	0	0
24	1	0	1
35.35	1	0	0
คล้องจอง	1	0	0
ค้าขาย	1	1	0
เพี้ยน	1	0	0
คู่มือ	1	0	0
หม่นหมอง	1	1	0
โปร่ง	1	0	0
บูรณาการ	1	0	0
เอ๊ะ	1	0	0
เสรีนคร	1	0	0
อนุสรณ์	1	0	0
โบสถ์	1	0	0
โด่งดัง	1	0	0
66.87	1	0	0
สะดุ้ง	1	0	0
หลักเกณฑ์	1	0	0
แนวทาง	1	1	1
เต้า	1	0	0
นม	1	0	0
แม่นยำ	1	2	0
โตโยต้า	1	0	0
9.	1	0	0
พืช	1	2	0
เซลเซียส	1	0	0
31,000	1	0	0
โปรดสัตว์	1	0	0
ออกบวช	1	0	0
สมัยนี้	1	0	0
ฟันเลื่อย	1	0	0
โจก	1	0	0
กบดาน	1	0	0
ล่วงรู้	1	0	0
ความทรงจำ	1	0	0
ภาคภูมิ	1	0	0
ซีเกมส์	1	0	0
มิตรภาพ	1	0	0
ภูมิใจ	1	0	0
กติกา	1	0	0
ยุติธรรม	1	0	0
วโรกาส	1	0	0
ข้าพระพุทธเจ้า	1	0	0
พระบรมราชานุญาต	1	0	0
สันนิบาต	1	0	0
ถวาย	1	1	0
พระพรชัยมงคล	1	0	0
สิริสวัสดิ์พิพัฒนมงคล	1	0	0
สยฺงฉือลี่	1	0	0
ตอก	1	0	0
ถนอม	1	0	1
บุตร	1	2	0
แนบ	1	0	0
น้ำเมา	1	0	0
เกียจคร้าน	1	0	0
อึ้งงัน	1	0	0
กาฬ	1	0	0
จตุคามรามเทพ	1	0	0
Pop	1	0	0
culture	1	0	0
เนื่องมาจาก	1	1	0
ไนโตรเจน	1	0	0
ข้างมาก	1	0	0
สุสาน	1	0	0
ติงต๊อง	1	0	0
บ๊อง	1	0	0
ประสา	1	0	0
ใต้ฝ่าละอองธุลีพระบาท	1	0	2
พระราชหฤทัย	1	0	0
พระเมตตา	1	0	0
ปวง	1	0	0
พระวรกาย	1	0	0
พระปัญญา	1	0	0
พระราชทรัพย์	1	0	0
พระบรมราชานุเคราะห์	1	0	0
ขจัด	1	0	1
สันติสุข	1	0	0
พระมหากรุณาธิคุณ	1	0	0
กระหม่อม	1	0	0
ที่จริง	1	0	0
ปัจเจกบุคคล	1	0	0
ที่จริงแล้ว	1	0	0
ครูอาจารย์	1	0	0
เมตตา	1	0	0
เจตนา	1	0	0
ปิยะนุช	1	0	0
แป้นน้อย	1	0	0
บดินทรเดชา	1	0	0
สิงหเสนี	1	0	0
วิทยาลัย	1	0	0
รัตนบัณฑิต	1	0	0
ซึมน้อยหน่อยกะล่อนมากหน่อย	1	0	0
ซ้ำรอย	1	0	0
คาดหวัง	1	0	0
บช.	1	0	0
เกสต์เฮาส์	1	0	0
ข้าวสาร	1	0	0
บางลำพู	1	0	0
ชนะสงคราม	1	0	0
ความสูง	1	0	0
427	1	0	0
เถ้า	1	0	0
ธุลี	1	0	0
เลขา	1	0	0
900	1	0	0
รับบาด	1	0	0
3,950	1	0	0
เวอร์ชัน	1	0	0
ยินยอม	1	0	0
จอห์น	1	1	0
มอด	1	0	0
พวยพุ่ง	1	0	0
1536	1	0	0
คัทเธอรีน	1	0	0
รง.	1	0	0
ด.ญ.	1	0	0
เพ็ญพิกุล	1	0	0
คงคาศรี	1	0	0
84	1	0	0
เอ็นทีวี	1	0	0
ซิกานา	1	0	0
7,200	1	0	0
ฟุต	1	0	0
กูมูเชน	1	0	0
ศาลา	1	0	0
มุง	1	0	0
นมัสการ	1	0	0
พุทธบาท	1	0	0
พุทธฉาย	1	0	0
บาเลนเซีย	1	0	0
ปอร์ตูกาเลเต้	1	0	0
เดปอร์เตโบ้	1	0	0
คอรุนญ่า	1	0	0
เอลเช่	1	0	0
ภูมิประเทศ	1	0	0
และแล้ว	1	0	1
เซี่ยงไฮ้	1	0	0
ซีเคียวริตีส์	1	0	0
นิวส์	1	0	0
7.4	1	0	1
3.77	1	0	0
4.76	1	0	0
2.42	1	0	0
กาฬโรค	1	0	0
1349	1	0	0
ลดลง	1	0	0
อรวรรยา	1	0	0
แท่นวิทยานนท์	1	0	0
อะโรวาน่า	1	0	0
เทป	1	0	0
กาว	1	0	0
คลุ้มคลั่ง	1	0	0
แฮนดอล	1	0	0
แวเลียม	1	0	0
เอฮุด	1	0	0
โอลเมิร์ต	1	0	0
โปรย	1	0	0
ตะปู	1	0	0
ลำเลียง	1	0	0
คู	1	0	0
แวว	1	0	0
บาลลิงการ์รีย์	1	0	0
เคานตี้	1	0	0
ทิพเพอรารี	1	0	0
ไวรัส	1	1	1
ปรสิต	1	0	0
ตรรกะ	1	0	0
อภิปรัชญา	1	0	0
วิภาษ	1	0	1
สถิติศาสตร์	1	0	0
บ่าย	1	0	0
กระทิง	1	0	0
ตุ๊กตา	1	0	0
หุ่น	1	0	0
ช้าง	1	0	0
ตัวแทน	1	0	0
แจกัน	1	0	0
กระถาง	1	0	0
เทียน	1	0	0
ตามแต่	1	0	0
เจ้าบ้าน	1	0	0
ประณีต	1	0	2
ออสการ์	1	0	0
สการ์เลตต์	1	0	0
'	1	0	0
ฮารา	1	0	0
Gone	1	0	0
with	1	0	0
Wind	1	0	0
1939	1	0	0
แบลนซ์	1	0	0
ดูบัว	1	0	0
A	1	0	0
Streetcar	1	0	0
Named	1	0	0
Desire	1	0	0
1951	1	0	0
ตัดสินใน	1	0	0
งำ	1	0	0
1966	1	0	0
บรอดคาซท์	1	0	0
มัลติเซต	1	0	0
สิ้นเชิง	1	0	0
เกินตัว	1	0	0
ทำโทษ	1	0	0
ห้องเรียน	1	0	1
ทำตัว	1	1	0
ประหนึ่ง	1	0	0
สมัชชา	1	0	0
ลึกลับ	1	1	0
ตัวตน	1	0	0
อิทธิฤทธิ์	1	0	0
80	1	0	0
ทั้งที่	1	0	0
อับ	1	0	0
ปาง	1	0	0
ซัด	1	1	0
เทศ	1	0	0
ประกาศิต	1	0	0
ภราดร	1	0	0
กสิ	1	0	0
ขูด	1	0	0
รีด	1	0	0
เข้มงวด	1	0	1
วอลเลย์บอล	1	1	2
จัดตั้ง	1	0	0
รัฐวิสาหกิจ	1	0	0
แม่เมาะ	1	0	0
กำบัง	1	0	0
อุปการะ	1	0	0
วังเวง	1	0	0
ชีวิตชีวา	1	0	0
หลงเหลือ	1	0	0
ฟอนเซกา	1	0	0
มุลไลติวู	1	0	0
ทแยง	1	0	1
นับตั้งแต่	1	0	0
น้ำมันดิน	1	0	0
จับกุม	1	0	1
ริก	1	0	0
วอร์เรน	1	0	0
สรรเสริญ	1	0	0
เติ้งเสี่ยวผิง	1	0	0
1978	1	0	0
ปรากฎ	1	0	0
เจียงชิง	1	0	0
กังวาน	1	0	0
ระฆัง	1	0	0
วิลลา	1	0	0
ทา	1	0	0
จิ้งจก	1	1	0
ทัก	1	1	0
ฉัตรพงศ์	1	0	0
พุ่มวิเศษ	1	0	0
ทีท่า	1	0	0
ฟิสิกส์	1	0	0
จัดหา	1	1	0
ตะขาบ	1	0	0
คัมภีร์	1	0	0
อัล-กุรอ่าน	1	0	0
รอมฎอน	1	0	0
บำเพ็ญ	1	0	1
สวด	1	3	2
มนต์	1	1	0
ความสัมพันธ์	1	0	0
สำรวม	1	0	0
ออกุสตุส	1	0	0
แบนด์วิดท์	1	0	0
throughput	1	0	0
คาซิโน	1	0	0
สบายใจ	1	0	0
กลางบ้าน	1	0	0
1781	1	0	0
โจโฮร์บะฮ์รู	1	0	0
ยะโฮร์	1	0	0
107.7	1	0	0
รื่น	1	1	0
จุก	1	0	0
อาเจียน	1	0	0
กร่อน	1	0	0
ตราบจน	1	0	0
การเกษตร	1	0	0
ยืนหยัด	1	0	0
รสนิยม	1	0	0
แฟชั่น	1	0	0
ศึกพลังหนุ่ม	1	0	0
ราชดำเนิน	1	0	0
จ๊อก	1	0	0
เกียรตินิวัฒน์	1	0	0
คิ้ว	1	0	0
ณัฐพงษ์	1	0	0
ติระบริสุทธิ์	1	0	0
เบนซ์	1	0	0
๒๓๑๑	1	0	0
เนืองแน่น	1	0	0
กัมมันตรังสี	1	0	0
ตำหนิ	1	0	0
ไฉนเลย	1	0	0
ของเสีย	1	0	0
จัดเตรียม	1	0	0
ปิดกั้น	1	0	0
กอบ	1	0	0
ดอนเมือง	1	0	0
ขั้ว	1	0	0
เวิร์คพอยท์	1	0	0
เอ็นเทอร์เทนเมนท์	1	0	0
ไลน์ทีวี	1	0	0
ออโตโมบิล	1	0	0
ประเทศไทย	1	0	1
โดดเด่น	1	0	0
เนวิเกเตอร์	1	0	0
ลวด	1	0	0
มุมมืด	1	0	0
แต่อย่างไรก็ตาม	1	0	0
บาบิโลเนีย	1	0	0
สุริยะวิถี	1	0	0
จักรราศี	1	0	0
ดาวฤกษ์	1	0	0
นักษัตร	1	0	0
กรกฏ	1	0	0
ตุลย์	1	0	0
พิจิก	1	0	0
อธิษฐาน	1	0	0
นรก	1	0	0
อนุสร์	1	2	0
ผูกพัน	1	0	0
เครื่องมือ	1	0	0
ทะลุ	1	0	1
ตลับ	1	0	0
หวั่น	1	0	0
สืบสวน	1	0	0
โชคลาภ	1	0	1
พระพุทธศาสนา	1	1	0
ณัฐชญา	1	0	0
พลากุลมณฑล	1	0	0
1786	1	0	0
1788	1	0	0
ด้าม	1	0	0
โลหะ	1	0	0
เรื่อ	1	0	0
ราชินีนาถ	1	0	0
แอนน์	1	0	0
รัชทายาท	1	0	0
๑๕	1	0	0
๓๕	1	0	0
เทลเลอร์	1	0	0
อูลาม	1	0	0
ปักหลัก	1	0	0
ยึดครอง	1	0	0
ประกันภัย	1	0	0
ท่อ	1	0	0
โถส้วม	1	0	0
ร่อง	1	0	2
อนึ่ง	1	0	0
ปารุสก์	1	0	0
ยิ่งลักษณ์	1	1	0
พระเอก	1	0	0
เนื่องใน	1	1	0
บรรจบ	1	0	0
จริงใจ	1	0	0
เจ้านาย	1	0	0
คนละคน	1	0	0
ประดิษฐาน	1	0	0
ทดแทน	1	0	0
เกษตรกรรม	1	1	0
ธีโอ	1	0	0
วัลค็อตต์	1	0	1
พิกล	1	0	0
ชุบ	1	0	0
เกรท	1	0	0
ดีเพรสชั่น	1	0	0
ศก	1	0	0
จุลศักราช	1	1	0
1152	1	0	0
2333	1	0	0
สิ่งมีชีวิต	1	0	0
เสียแล้ว	1	1	1
ศรี	1	0	0
SOUPED	1	0	0
UP	1	0	0
ความเร็ว	1	0	1
1794	1	0	0
มหาสมุทร	1	0	0
แปซิฟิก	1	0	0
แผนที่	1	0	0
เคปฮอร์น	1	0	0
อะแลสกา	1	0	0
กวม	1	0	0
ฟิลิปปินส์	1	0	0
นิวซีแลนด์	1	0	1
ตองงา	1	0	0
แอตเลติโก้	1	0	0
มาดริด	1	0	0
โอริอูเอลา	1	0	0
เยื่อ	1	0	0
นิสโม	1	1	0
ลังเล	1	0	0
กวน	1	0	0
แอลัน	1	0	0
บาร์ตลิต	1	0	0
จูเนียร์	1	0	0
เรดสโตน	1	0	0
184	1	0	0
อันดี	1	0	0
ทำบาป	1	0	0
ไขว่คว้า	1	0	0
นอกจากนี้แล้ว	1	0	0
พระจอมเกล้าเจ้าอยู่หัว	1	0	0
ยิ่งขึ้นไป	1	0	0
ข้อควรปฏิบัติ	1	0	0
เวสต์เอนด์	1	0	0
พรหม	1	0	0
339,100	1	0	0
วิศวกร	1	0	1
จงรักภักดี	1	0	0
สมาธิ	1	0	0
ฉาบฉวย	1	0	0
ยะลา	1	0	0
นวนิยาย	1	0	0
ชูวงศ์	1	0	0
ฉายะจินดา	1	0	0
อับปาง	1	0	0
คณิตศาสตร์	1	0	1
เลิงนกทา	1	0	0
ยโสธร	1	0	0
ประจำชาติ	1	0	0
ถี่ถ้วน	1	0	0
อนุมาน	1	0	0
เป็นอย่างยิ่ง	1	0	0
ติดตั้ง	1	0	0
สาน	1	0	0
นอร์เวย์	1	0	0
กรีซ	1	0	0
สวีเดน	1	0	0
โปแลนด์	1	0	0
โภชนา	1	0	0
ผง	1	0	0
กะหรี่	1	0	0
ขณะนี้	1	0	0
หัวหิน	1	0	0
สระแก้ว	1	0	0
70,000	1	0	0
หนา	1	2	0
ฟร้อนท์	1	0	0
มอนท์	1	0	0
โกเมอรี่	1	0	0
Front	1	0	0
Montgomery	1	0	0
2514	1	0	0
ระยอง	1	0	0
นักกีฬา	1	0	0
ฝึกซ้อม	1	0	0
ตอบรับ	1	0	0
เว็บ	1	0	0
ฮอต	1	0	1
ไม่ใช่	1	0	0
เน็ต	1	0	0
บาเกอร์	1	0	0
สุริยัน	1	0	0
เมฆา	1	0	0
สกุณา	1	0	0
ถลา	1	0	0
1952	1	0	0
แมตช์	1	0	0
ปรัก	1	0	0
เรียง	1	0	0
ศาสนจักร	1	0	0
เสถียรภาพ	1	0	0
เรเจเนราดอร์	1	0	0
เผด็จ	1	0	0
ฌูเอา	1	0	0
ฟรังโก	1	0	0
ทั้งมวล	1	0	0
กระนั้น	1	0	0
จุดเด่น	1	1	0
จุดด้อย	1	0	0
ประกาย	1	0	0
พาเหรด	1	0	0
แคปิตอล	1	0	0
ฮิลล์	1	0	0
14.30	1	0	0
02.00	1	0	0
เพิ่มพร	1	0	0
ไอศกรีม	1	0	0
เลอะ	1	0	0
ตบ	1	0	0
ปทุมวัน	1	0	0
อธิการบดี	1	0	0
อุเทน	1	0	0
นศ.	1	0	0
ยำ	1	1	1
อริ	1	0	0
มติชน	1	0	0
ล่อง	1	0	0
ตลก	1	0	0
เสียที	1	1	0
พูดว่า	1	0	0
แน่ชัด	1	0	2
ยุ้งฉาง	1	0	0
โรงนา	1	0	0
รกร้าง	1	0	0
ฮูก	1	0	1
แกง	1	1	3
ปลาทู	1	0	1
เชื้อเพลิง	1	0	0
ดินปืน	1	0	0
พลุ	1	0	0
กระบอง	1	0	0
จักรพงษภูวนาถ	1	0	0
ฉัตร	1	0	1
ปฏิกิริยา	1	0	1
อยุติธรรม	1	0	0
หลังๆมานี่	1	0	0
ตู้เว่ยหมิง	1	0	0
ตราบ	1	0	1
ปุถุชน	1	0	0
ไม่ให้	1	0	0
ผยอง	1	0	0
ดัก	1	0	1
เขื่อนบางลาง	1	0	0
ดาย	1	0	0
กฎแห่งกรรม	1	0	0
ความดี	1	0	0
ความชั่ว	1	0	0
ผู้ซื้อ	1	0	0
มิฉะนั้นแล้ว	1	0	0
ญวน	1	0	0
เทิดทูน	1	0	0
เงินทอง	1	0	1
โกสุมวิทยาสรรค์	1	0	0
โกสุมพิสัย	1	0	0
สหศึกษา	1	0	0
ลงมา	1	0	0
7.5	1	0	0
ผิดพลาด	1	0	0
ข้อความ	1	0	0
สาธารณรัฐโปรตุเกสที่หนึ่ง	1	0	0
ลัพธ์	1	0	0
รัฐประหาร	1	1	0
สาธารณรัฐนิยมโปรตุเกส	1	0	0
1910	1	0	0
ทำนอง	1	2	0
สถิต	1	0	0
พระพุทธยอดฟ้าจุฬาโลกมหาราช	1	0	0
เจ้าจอม	1	0	0
มารดา	1	0	0
ตานี	1	0	0
ฉัตรกุล	1	0	0
ผื่นคัน	1	0	0
ร็อคแอนด์โรล	1	0	1
กรันจ์ร็อค	1	0	0
ผวา	1	1	0
ว่องไว	1	0	0
ปราดเปรียว	1	0	0
ร่าเริง	1	0	0
สนง.	1	0	0
เทคนิค	1	0	0
วิถีทาง	1	2	0
ธรณีวิทยา	1	0	0
เงียบ	1	0	1
มาร์เจเน	1	0	0
สาธิต	1	0	0
ชามะรัตน์	1	0	0
เหมือนเดิม	1	0	0
ความลับ	1	0	0
เรียลลิตี้	1	0	0
ตาข่าย	1	0	0
ลำตัว	1	0	0
Scleropages	1	0	0
โซ่	1	0	0
ล่าม	1	0	0
ประสม	1	0	0
โฉม	1	0	0
จุดหมาย	1	0	0
ทำนุบำรุง	1	0	0
สักการะ	1	0	0
สะใภ้	1	0	0
สัญชาตญาณ	1	1	0
เทมเปอร์	1	0	1
ดิวเทอเรท	1	0	0
พล.	1	0	0
อนุพงษ์	1	0	0
นภาลัย	1	0	0
ไพศาล	1	0	0
จ้า	1	0	0
ทางเดินอาหาร	1	1	0
ส่วนบน	1	0	0
คนไข้	1	0	0
ยางพารา	1	0	0
การค้า	1	0	1
มี.ค.	1	0	0
สตั๊ด	1	0	0
พอล	1	0	0
สโคลส์	1	0	0
เซอร์	1	0	1
อเล็กซ์	1	0	0
ทั่วๆไป	1	0	0
หงอน	1	0	0
ไข่ไก่	1	0	0
เส้นผ่าศูนย์กลาง	1	0	0
เมื่อไหร่	1	0	0
หล่อหลอม	1	0	0
ขนบธรรมเนียม	1	0	0
แบบแผน	1	0	0
ปร๋อ	1	0	0
ทุจริต	1	0	0
บาดแผล	1	0	0
หกล้ม	1	0	0
ลัคกี้	1	0	0
อันลัคกี้	1	0	0
เลิฟ	1	0	0
ถิ่นฐาน	1	0	0
หว่าน	1	0	0
ท้องเสีย	1	0	0
ลี้	1	0	0
ระดม	1	1	0
เนคกาตีฟ	1	0	0
ยื้อ	1	0	0
จ๊กก๊ก	1	0	0
ซุนกวน	1	0	0
110	1	0	0
ประจำปี	1	0	0
1678	1	0	0
แองกลิกัน	1	0	0
พ็อพพิช	1	0	0
คึกคัก	1	0	0
อินทรี	1	0	0
การันตี	1	0	0
สุดลูกหูลูกตา	1	0	0
เชื่อมั่น	1	0	0
ระมัด	1	0	0
จูเลียส	1	0	0
ซีซาร์	1	0	0
55	1	0	0
54	1	0	0
จักรพรรดิ	1	0	0
คลอดิอุส	1	0	0
กรวรรณ	1	0	0
อนุตระกูลชัย	1	0	0
กวางสี	1	0	0
สหาย	1	0	0
ยิ่งไปกว่านั้น	1	0	0
ขั้นตอน	1	0	0
ขอรับ	1	0	0
สิทธิประโยชน์	1	0	0
อินเทอร์เน็ต	1	0	0
เฉพาะกิจ	1	1	0
Internet	1	0	0
Connection	1	0	0
Sharing	1	0	0
Windows	1	0	0
มานะ	1	0	0
โอเปก	1	1	0
2.5	1	0	0
อุตุ	1	0	0
อเลสซานโดร	1	0	0
มาลาสปินา	1	0	0
1754	1	0	0
1810	1	0	0
นาวิกโยธิน	1	0	0
คางทูม	1	0	0
น้อยกว่า	1	0	0
ประดิษฐ์	1	0	0
ประดอย	1	0	0
บอลข่าน	1	0	0
เหน็บ	1	0	0
ขาดแคลน	1	0	0
เนเธอร์แลนด์	1	0	0
ไอโฟน	1	0	0
แบล็กเบอร์รี่	1	0	0
ยากลำบาก	1	0	0
ผลิตผล	1	0	0
อนุญาโตตุลาการ	1	0	0
ต่อรอง	1	0	0
802.11	1	0	0
CSMA/CA	1	0	0
ลงเอย	1	0	0
เบอร์	1	2	1
มน	1	0	1
ปราด	1	0	0
เปรียว	1	0	0
มัจจุ	1	0	0
คร่า	1	0	1
บราซิเลียน	1	0	0
เหล็ก	1	0	0
ดีซี	1	0	0
คลิก	1	0	0
จริ๊ง	1	0	0
ซาอิด	1	0	0
ฮัสซัน	1	0	0
โซมาเลีย	1	0	0
รอยเตอร์ส	1	1	0
พันธมิตร	1	0	0
ตาก	1	0	0
1679	1	0	0
สันติวงศ์	1	0	0
2007	1	0	1
ฮิวสัน	1	0	0
เอ็กเคอร์สลี่ย์	1	0	0
คลองถม	1	0	0
เสือป่า	1	0	0
พิพิธภัณฑ์	1	0	0
ประยงค์	1	0	0
ไชยวงษา	1	0	0
คนโท	1	0	0
บันไดวิชวล	1	0	0
35,130	1	0	0
39,489	1	0	0
รัด	1	0	0
สะพรึง	1	0	0
สถานศึกษา	1	0	0
โกหก	1	0	0
ล้อเล่น	1	0	0
โหร	1	0	0
ฤกษ์	1	0	0
กระแสน้ำ	1	0	0
เชี่ยว	1	0	0
หย่า	1	0	0
ร้าง	1	0	0
โอลิเวียร์	1	0	0
1960	1	0	0
ลีห์	1	1	0
1967	1	0	0
ที่มั่น	1	0	0
2549	1	0	0
ร่ำรวย	1	0	0
ตะวัน	1	0	0
ม.ค	1	0	0
ไตรมาส	1	1	0
2519	1	0	0
แคมเปญ	1	0	0
ในขณะนี้	1	0	0
สังเคราะห์	1	0	0
ทางออก	1	0	0
ปนเปื้อน	1	0	0
นัย	1	0	0
จานเดียว	1	0	0
อเมซอน	1	0	0
เชียร์	1	1	0
กล่อง	1	0	0
เดี๋ยว	1	0	0
๖	1	0	0
๓	1	0	0
๕๒	1	0	0
วา	1	0	0
ราบคาบ	1	0	0
สามก๊ก	1	0	0
ฮองซู	1	0	0
โบรุสซีอาดอร์ทมุนท์	1	0	0
บุนเดิสลีกา	1	0	0
เลอบัว	1	0	0
แอท	1	0	0
สเตท	1	0	0
ทาวเวอร์	1	0	0
วีไอพี	1	0	0
หาเงิน	1	0	0
แผนก	1	0	0
จิตศรัทธา	1	0	0
ระเบียบเรียบร้อย	1	0	0
หล่อ	1	1	0
สมัยใหม่	1	0	0
ผสมผสาน	1	1	0
แปลกตา	1	0	0
บาร์เซโลน่า	1	0	0
เบนิดอร์ม	1	0	0
ฉีก	1	0	0
เนื้อเรื่อง	1	0	0
น่าสนใจ	1	0	1
ไลต์สวีต	1	0	0
34.39	1	0	0
2.43	1	0	0
พฤหัสบดี	1	0	1
รับรู้	1	0	0
สายลม	1	0	0
พริ้ว	1	0	0
คัคนานต์	1	0	0
เลื่อน	1	0	0
2492	1	0	0
ทรงศิลาอารามหลวง	1	0	0
ราชทัณฑ์	1	0	0
ในเมือง	1	0	0
ลุกลาม	1	0	0
บิลลี่	1	0	0
โอแกน	1	0	0
เพ็ญ	1	0	0
พิสุทธิ์	1	0	0
สุรศักดิ์	1	0	0
วงศ์ไทย	1	0	0
โจโฮร์ดารุลตักซิม	1	0	0
พรรษา	1	0	0
1.5	1	0	0
เทียนหวาง	1	0	0
หวาดวิตก	1	0	0
ตื่นกลัว	1	0	0
นางเอก	1	1	0
เอมม่า	1	0	0
ปฐมทัศน์	1	0	0
2019	1	0	0
สะเทือนใจ	1	1	0
ใช้ได้	1	0	0
ปา	1	0	0
ลี้ภัย	1	0	0
สวิส	1	0	0
แก่งม่วง	1	0	0
ตาล	1	0	0
นอกนั้น	1	0	0
แวดวง	1	0	0
คนรวย	1	0	0
คนจน	1	0	0
โกศ	1	0	0
เมรุ	1	0	0
สเปรย์	1	0	0
ขึ้นไป	1	0	0
360	1	0	0
ลูกบาศก์เมตร	1	0	0
179.5	1	0	0
น้ำยา	1	0	0
ขัง	1	1	0
1719	1	0	0
ไม่เพียงแต่	1	0	0
รอดชีวิต	1	0	0
อย่างสุดท้าย	1	0	0
การเปลี่ยนแปลง	1	0	0
เซลล์เยื่อบุหลอดอาหาร	1	0	0
ต่อม	1	0	0
ไอซียู	1	0	0
ขืน	1	1	0
ก.ย.	1	0	0
เฮอริเคน	1	0	0
แคทรีนา	1	0	0
เชี่ยวชาญ	1	0	1
วิพากษ์	1	1	0
นักจิตวิทยา	1	0	0
พีเอ็มไอ	1	0	0
Purchasing	1	0	0
Managers	1	0	0
Index	1	0	0
มั่งคั่ง	1	0	0
ริบหรี่	1	0	0
ซิตี้	1	0	0
2.8	1	0	0
อนามัยโลก	1	0	0
ปลูกฝัง	1	0	0
ต่อให้	1	1	0
ทีส์	1	0	0
หยิก	1	0	0
แอดัมส์	1	1	0
เครื่องใช้ไฟฟ้า	1	0	1
2359	1	0	0
พระบาทสมเด็จพระพุทธเลิศหล้านภาลัย	1	0	0
มหาดไทย	1	0	0
กฎจราจร	1	0	0
อับเดล	1	0	0
อาซิซ	1	0	0
อัล-รันติซี	1	0	0
รูมเมท	1	0	0
บานปลาย	1	0	0
เจตจำนง	1	0	0
พรม	1	0	0
พำนัก	1	0	1
ตั้งค่า	1	0	0
คอมพิวเตอร์	1	0	1
เคเบิล	1	0	0
เพดาน	1	0	0
ท้าว	1	0	0
ทศราช	1	0	0
พลี	1	0	0
ความรวย	1	0	0
แค่เพียง	1	0	1
ตึกรามบ้านช่อง	1	0	0
ปนเป	1	0	0
พิโรธ	1	0	0
มุมมอง	1	1	0
โจเซฟ	1	0	0
อาร์	1	0	0
ไบเดน	1	0	0
EM	1	0	0
ball	1	0	0
เน่าเสีย	1	0	0
ท่วมขัง	1	0	0
แน่นขนัด	1	0	0
เอือมระอา	1	0	0
เขิน	1	0	0
นเรศวร	1	0	0
ผาย	1	0	0
เปียงยาง	1	0	0
จอง-อิล	1	0	0
เพรียง	1	0	0
ธง	1	0	0
อิล-ซุง	1	0	0
สังเกตุ	1	0	0
กระจก	1	0	0
ขณะเดียวกัน	1	1	0
แองเจลา	1	0	0
แมร์เคิล	1	0	0
วลาดิเมียร์	1	0	0
เบอร์ลิน	1	0	0
อนุภาพ	1	0	0
ทื่อ	1	0	0
สัดส่วน	1	0	0
หมั่นไส้	1	0	0
กระทะ	1	0	0
crack	1	0	0
ติ๊ก	1	0	0
ชิโร่	1	0	0
นางงามตู้กระจก	1	0	0
กุมาร	1	1	0
ถึงอย่างไรก็ตาม	1	0	0
1.91	1	0	0
66.85	1	0	0
ตื้น	1	0	0
ยาเสพย์ติด	1	0	0
โสเภณี	1	0	0
มั่วสุม	1	0	0
เต็มตัว	1	0	0
นักสู้	1	0	0
สุรางค์	1	0	0
สึเกะโมะโนะ	1	0	0
1630	1	0	0
1639	1	0	0
พระเจ้าหลุยส์	1	0	0
เอาตัวรอด	1	0	0
ละเลง	1	0	0
กริ๊ก	1	0	0
พลายงาม	1	0	0
รัตติกาล	1	1	0
เก่งกาจ	1	0	0
เจือ	1	0	0
บุษบง	1	0	0
จันทร์ชีวะ	1	0	0
ผู้ป่วย	1	0	0
ลักลอบ	1	0	0
เนือง	1	0	0
เด็ดขาด	1	0	1
ตราบใด	1	0	0
พรหมจรรย์	1	0	0
2446	1	0	0
275	1	0	0
22,075	1	0	0
2447	1	0	0
61,173	1	0	0
10,500,000	1	0	0
50,000	1	0	0
ร็อกแอนด์โรล	1	0	0
วิดีโอ	1	0	1
ประชาชาติ	1	0	0
1641	1	0	0
ไอริช	1	0	0
ภาสกรนที	1	0	0
ขัดขวาง	1	1	0
เท่าไหร่	1	0	0
ขด	1	0	0
วิชาชีพ	1	0	0
บ่า	1	0	0
สวัสดิ	1	0	0
น้อยใหญ่	1	0	0
ละแวก	1	0	0
ต้านทาน	1	0	0
ดี.ซี.	1	0	0
สิทธิ์	1	1	1
1.98	1	0	0
โค้ด	1	0	0
เนม	1	0	0
Ivy	1	0	0
Mike	1	0	0
ตอนเย็น	1	1	0
ตีบ	1	0	0
เยื่อบุ	1	0	0
ดังที่	1	0	0
กรกฎ	1	0	0
ห้างร้าน	1	0	0
แปลว่า	1	0	0
เขลา	1	0	0
โง่	1	0	0
ฝรั่ง	1	0	0
ซาจิทาเรียส	1	0	0
ศซบ.ทบ.	1	0	0
หลอกลวง	1	0	0
เช่า	1	0	0
หยิบยก	1	0	0
แต่เพียง	1	0	0
พระภูมิเจ้าที่	1	0	0
พระชัยมงคล	1	0	0
สห	1	0	0
33	1	0	0
ม้วน	1	0	0
โวยวาย	1	0	0
แย้ม	1	0	0
เยอะแยะ	1	0	0
พระพุทธมิ่งมงคลเอกนาคคีรี	1	0	0
เหนี่ยว	1	0	0
วิงวอน	1	0	0
เก๊	1	0	0
มลายู	1	0	0
หมู่เกาะ	1	0	0
ซุนดา	1	0	0
600	1	0	1
875	1	0	0
แปรง	1	0	0
ฟุบ	1	0	0
ผลไม้	1	0	0
ศรีนครินทร์	1	0	0
พัทลุง	1	0	0
เค้าแมว	1	0	1
ทินกร	1	0	0
เพลา	1	0	0
พลบค่ำ	1	0	0
ศศิธร	1	0	0
มิด	1	0	0
36	1	1	0
อย่างไรก็ดี	1	0	0
ยิ้มแย้ม	1	0	0
แจ่มใส	1	0	0
โกลาหล	1	0	0
2524	1	0	0
โคจร	1	0	0
ยอนฮัพ	1	0	0
ดองอา	1	0	0
ยุทธศาสตร์	1	1	0
ซองกุน	1	0	1
หลุม	1	1	0
ยุ่งเกี่ยว	1	0	0
เอิร์ล	1	0	0
ความมั่งคั่ง	1	0	0
คาถา	1	0	0
คัดเลือก	1	0	0
ห่าน	1	0	0
แบบคลาสสิก	1	0	0
1925	1	0	0
มีด	1	0	0
พริตตี้	1	0	0
โคโยตี้	1	0	0
แพร่หลาย	1	0	0
ชนชั้น	1	0	0
การเรียนการสอน	1	0	0
สืบทอด	1	0	0
ธุรการ	1	0	0
อัล-อักซา	1	0	0
เวสต์แบงก์	1	0	0
ปัน	1	0	0
คาดการณ์	1	0	0
โยชิดะ	1	0	0
1816	1	0	0
1862	1	0	0
ซามูไร	1	1	0
แคว้น	1	0	0
โทซะ	1	0	0
เจ้าจอมมารดา	1	0	0
แก้ว	1	0	1
ฟิลาเดลเฟีย	1	0	0
สวิตซ์	1	0	0
เบื้องหน้า	1	0	0
เสียเลย	1	0	0
สุขุม	1	0	0
ฟากฟ้า	1	0	0
เมืองไทย	1	0	0
เซย์มูร์	1	0	0
ลายพาดกลอน	1	0	0
ลุ่มหลง	1	0	0
ออสซี่	1	0	0
เซ็กซ์	1	0	0
แบล็คสวอน	1	0	0
สาป	1	0	0
เซเบอร์ฮาเก้น	1	0	0
ต่อกร	1	0	0
ราชา	1	1	0
ยืดหยุ่น	1	0	0
ละก็	1	0	0
เกื้อกูล	1	0	0
ชมพู	1	1	0
บานเย็น	1	0	0
ทับทิม	1	0	0
เหล็กไหล	1	0	0
เคียว	1	0	0
ฟูฮาคุ	1	1	0
ซน	1	0	0
กุญแจ	1	0	0
ทอรัส	1	0	0
ป๊ะป๋า	1	0	0
ไฮโล	1	0	0
อเมริกาเหนือ	1	0	0
ดรีม	1	0	0
เอกซ์เพรส	1	0	0
เดกซ์	1	0	0
400	1	0	0
บ็อกเซ็ต	1	0	0
2,800	1	0	0
เตร่	1	0	0
เมื่อนั้น	1	0	0
กริยา	1	0	0
โด่ง	1	1	0
หั่น	1	0	0
ผิวพรรณ	1	0	0
คฑาวุธ	1	0	0
หาญบำรุงกิจ	1	0	0
เท็จ	1	0	0
ฉืลี่	1	0	0
ซินหรูเจีย	1	0	0
แซ่	1	0	0
ซ้อง	1	0	0
เซิร์ฟ	1	0	0
พลุกพล่าน	1	0	0
ชาตินิยม	1	0	0
เฮลิโอโปลิส	1	0	0
สุริยเทพ	1	0	0
อัลบัม	1	0	0
ราด	1	0	0
เฉลิมฉลอง	1	0	0
ย่อยยับ	1	0	0
โภคทรัพย์	1	0	0
กุ้ง	1	0	0
คะน้า	1	0	0
วากิว	1	0	0
พริกไทย	1	0	0
ณัฐวดี	1	0	0
วิจักขณ์จารุ	1	0	0
กิโลกรัม	1	0	0
250,000	1	0	0
สอดส่อง	1	0	0
โดยตลอด	1	1	0
เปียก	1	0	0
ได้ชื่อว่า	1	0	0
เฟื่องฟู	1	0	0
74,379	1	0	0
จับต้นชนปลาย	1	0	0
ขึ้นใจ	1	0	0
ดังเดิม	1	0	0
รำ	1	0	0
ภริยา	1	0	0
ราตรี	1	0	0
มิเชล	1	0	0
รัตนโกสินทร์	1	0	0
เบี้ย	1	0	0
นิวตรอน	1	0	0
ยูเรเนียม	1	0	1
238	1	0	1
โชคทวี	1	0	0
พรหมรัตน์	1	0	0
รถจักรยานยนต์	1	0	0
เคลียร์	1	0	0
ล่ะกัน	1	0	0
สิรีพัชร	1	0	0
โตนิล	1	0	0
ท้าวมหาพรหม	1	0	0
เรียกร้อง	1	1	0
ฉนวนกาซา	1	0	0
สหภาพยุโรป	1	0	0
ปลาหมึก	1	0	0
ซาซิมิ	1	0	0
อบอุ่น	1	0	0
เนื้อแท้	1	0	0
1471	1	0	0
เรียงราย	1	0	0
ดวงดาว	1	0	0
คลุม	1	0	0
โบรกเกอร์	1	0	0
ด้วยซ้ำ	1	0	0
ยโส	1	2	0
โอหัง	1	2	0
รีรอ	1	0	1
เห่า	1	0	0
ผู้การ	1	0	0
เรวัช	1	0	0
ต่ำต้อย	1	0	0
ท่าที	1	0	0
หน	1	0	0
ชาลเลนเจอร์	1	0	0
อิมแพ็ค	1	0	0
เมืองทองธานี	1	0	0
อดอล์ฟ	1	0	0
เยอรมัน	1	1	1
74	1	0	0
2550	1	1	0
เสียว	1	0	0
รถไฟ	1	0	1
บัวเบอเรน	1	0	0
ตะวันตกเฉียงใต้	1	0	0
หวัด	1	1	0
กวดวิชา	1	0	0
ขวักไขว่	1	0	0
ทุกหนแห่ง	1	0	0
2.2	1	0	0
ตัดไฟ	1	0	0
สุชาดา	1	0	0
อัคคชาติกุล	1	0	0
หายใจ	1	0	1
ก็แล้วกัน	1	0	0
เบอร์เกอร์	1	0	1
มายองเนส	1	0	0
กะทิ	1	0	1
หัวหอม	1	1	0
เบคอน	1	0	0
คาราเมล	1	0	0
มหาอุทกภัย	1	0	1
แม่ทัพ	1	0	0
ผู้บัญชาการ	1	0	0
แตกทัพ	1	0	0
หวุดหวิด	1	0	0
เลน	1	0	0
วัชพืช	1	0	0
ปกคลุม	1	0	0
โขด	1	0	0
หิน	1	0	3
ชื่อว่า	1	0	0
สุนทรพจน์	1	1	0
เข้าไป	1	0	0
เคนเนดี	1	0	0
งอก	1	0	0
ครอบงำ	1	0	0
เสื่อมโทรม	1	0	0
ศักดา	1	0	0
ออกรส	1	0	0
ทไวไลต์	1	0	0
ตึง	1	0	1
ปู่ตา	1	0	0
เจ้าพ่อ	1	0	0
เจ้าแม่	1	0	0
ติดขัด	1	0	0
พระเจ้าลูกเธอ	1	0	0
เปรื่อง	1	0	0
พัชรวาท	1	0	0
พันวา	1	0	0
เดอะ	1	0	0
ซัน	1	0	0
เรือใบ	1	0	0
โรบินโญ่	1	0	0
เอลาโน่	1	0	0
โจ	1	0	0
แฮ็นดริก	1	0	0
จิตรกร	1	0	0
จิตรกรรม	1	0	0
ดัตช์	1	0	0
หน้าที่การงาน	1	0	0
7.3	1	0	0
เร้น	1	1	0
โดยแท้	1	0	0
ชั่ง	1	0	0
จรรโลง	1	0	0
ผ่อนคลาย	1	0	0
สะทก	1	0	0
สะท้าน	1	0	0
10,000	1	0	0
ยูโร	1	1	0
500,000	1	0	0
พาสปอร์ต	1	0	0
ตระเวน	1	0	2
เอทีเอ็ม	1	0	1
น่าน	1	0	0
ชุก	1	0	0
ชุม	1	0	0
ฉลาม	1	0	1
อาร์เคเค	1	0	0
อาซ่อง	1	0	0
รามัน	1	0	0
ผิดหวัง	1	0	0
มันธีร์	1	0	0
กุปตา	1	0	0
เต้าหู้	1	0	0
มิโซะ	1	0	0
คริสต์ทศวรรษ	1	0	0
1940	1	0	0
นักรบ	1	0	0
พก	1	2	0
ห้าวหาญ	1	0	0
เกรงกลัว	1	0	0
ข้าศึก	1	0	0
ข้อดี	1	0	0
เจียเป่า	1	0	0
เยือน	1	0	0
เจียงซู	1	0	0
ฉับ	1	0	0
ไว	1	0	0
เปลือง	1	0	0
โยมิอูริ	1	0	0
3,000	1	0	0
ในประเทศ	1	0	0
ต่อหน้า	1	0	0
เข้าคิว	1	0	0
ชนมน	1	0	0
ลีโทชวลิต	1	0	0
พิพาท	1	0	0
ศุลกากร	1	0	0
โลจิสติกส์	1	0	0
บ้านป่าไร่	1	0	0
โอเนียง	1	0	0
ปอยเปต	1	0	0
รำลึก	1	0	0
สะพรึงกลัว	1	0	0
ทุกสิ่งทุกอย่าง	1	0	1
สโต๊ก	1	0	0
รอทเธอร์แฮม	1	0	0
ยูไนเต็ด	1	0	0
ลินคอล์น	1	0	1
ผิวสี	1	0	0
1763	1	0	0
ปารีส	1	1	0
ประเสริฐ	1	0	0
คงทน	1	0	0
ศูนย์เทคโนโลยีทางทหาร	1	0	0
2546	1	0	0
สิงหา	1	0	0
ท้า	1	0	0
ทาย	1	0	0
อาถรรพณ์	1	0	0
ขงจื่อใหม่	1	0	1
สื่ง	1	0	0
นอกเหนือจาก	1	1	0
คละ	1	0	0
คลุ้ง	1	0	0
2396	1	0	0
วุฒิสภา	1	0	0
350,000	1	0	0
กอบกู้	1	0	0
700,000	1	0	0
พิชญะ	1	0	0
ภัทรศยา	1	0	0
สะบั้น	1	0	0
แยะ	1	0	0
เรเครอาติโบ	1	0	0
อูเอลบา	1	0	0
แอธเลติค	1	0	0
บิลเบา	1	0	0
ปฏิภาณ	1	0	0
งอน	1	0	0
ซึมเศร้า	1	0	0
มหานิกาย	1	0	0
แมนจู	1	0	0
จ้วง	1	0	0
ม้ง	1	0	0
ร็อก	1	0	1
สัญชาติ	1	0	0
วิวาท	1	0	0
เกียจ	1	0	0
คร้าน	1	0	0
กาม	1	0	0
อกตัญญู	1	0	0
สแตมฟอร์ดบริดจ์	1	0	0
แชมเปี้ยนชิพ	1	0	0
รู	1	0	0
ปิศาจ	1	0	0
เจมาห์	1	0	0
อิสลามิยาห์	1	0	0
ดำเนินคดี	1	0	0
วินาศกรรม	1	0	0
สนามบิน	1	0	0
สกัด	1	1	0
เฝ้า	1	0	1
วิกฤติการณ์	1	0	0
เทือก	1	0	0
ตะนาวศรี	1	0	0
ท้องแก่	1	0	0
น้ำเสียง	1	0	0
คริสเตน	1	0	0
สจ๊วต	1	0	0
หรอ	1	0	1
นั่นคือ	1	0	0
พรุน	1	0	0
นาฏกรรม	1	0	0
หมา	1	0	0
45	1	0	0
ศิลา	1	0	0
ข้ออ้าง	1	0	0
เกราะ	1	0	0
เสียหลัก	1	0	0
ราเมน	1	0	0
โอโคโนมิยากิ	1	0	0
พิซซ่า	1	0	0
ดงบุริ	1	0	0
ไม่ว่าจะ	1	1	0
ระแคะ	1	0	0
ระคาย	1	0	0
สายไฟ	1	0	0
ฝา	1	0	0
ทุกคน	1	0	0
เป็นที่สุด	1	0	0
เจียง	1	1	0
เล่ากี๋	1	3	2
อุบาย	1	0	0
ตกต่ำ	1	0	0
กดดัน	1	0	0
วิสามัญ	1	0	0
2542	1	0	0
กุหลาบ	1	1	0
รถเก๋ง	1	1	0
เชฟโรเลต	1	0	0
ลบหลู่	1	0	0
ผลผลิต	1	0	0
ความร่วมมือ	1	0	0
การจัดการ	1	0	0
อย่างสิ้นเชิง	1	0	0
การเกิด	1	0	0
บ้านกล้วย	1	0	0
นบ.	1	0	0
1013	1	0	0
+	1	0	0
490	1	0	0
นนทบุรี	1	0	0
คงเพชร	1	0	0
จรรยาเลิศ	1	0	0
ดาริน	1	0	0
โสภณชัยพร	1	0	0
วอตฟอร์ด	1	0	0
อยู่รอด	1	0	0
อาชญา	1	0	0
ความหวัง	1	0	0
ลัท	1	0	0
กะปอม	1	0	0
ตั้ม	1	0	0
เฟิส	1	0	0
ยูริ	1	0	0
แพร่งสรรพศาสตร์	1	0	0
กริช	1	0	0
หิรัญพฤกษ์	1	0	0
ในขณะนั้น	1	0	0
ฟ้าผ่า	1	0	0
เชือก	1	0	0
ฐิติยาภา	1	0	0
บุญคง	1	0	0
นานกิง	1	0	0
เจียงซี	1	0	0
อันฮุย	1	0	0
หูเป่ย์	1	0	0
1976	1	0	0
มหานคร	1	0	0
แรงกล้า	1	0	0
เม็ด	1	0	2
อึ้ง	1	0	0
เฉลิมวงศ์	1	0	0
ยึดติด	1	0	0
วัสดุ	1	0	0
อลูมิเนียม	1	0	0
ปัด	1	0	1
กระรอก	1	0	0
นิธิ	1	0	0
สมุทรโคจร	1	0	0
ปิยธิดา	1	0	0
วรมุสิก	1	0	0
อรรถพร	1	0	0
ธีมากร	1	0	0
ชาติชาย	1	0	0
งามสรรพ์	1	0	0
ไพลยาดีส	1	0	0
อาร์เทมีส	1	0	0
เอราวัณ	1	0	0
ต่างชาติ	1	0	0
นักเรียน	1	0	0
มาราโดน่า	1	0	1
โค้ช	1	0	0
อาร์เจนตินา	1	0	0
พร่ำ	1	0	0
หัตถ์	1	0	0
อดีตกาล	1	0	0
เมธัส	1	0	0
แจ้งสว่าง	1	0	0
ลอยตัว	1	0	0
อำพัน	1	0	0
แล้วก็	1	0	0
สรรพสิ่ง	1	0	0
โกโต	1	0	0
โชจิโร	1	0	0
เขย	1	0	0
บ่งบอก	1	0	0
บุ๊ก	1	1	0
คู่รัก	1	0	0
อรัญประเทศ	1	0	0
แอนิเมชัน	1	0	0
ซับ	1	0	0
ดร็อกบา	1	0	0
1483	1	0	0
เอสแฟฮอน	1	0	0
จตุรัส	1	0	0
ขวิด	1	0	0
มงกุฎ	1	0	0
แสบ	1	0	1
แทนซาเนีย	1	0	0
คุรุสภา	1	0	0
คล่อง	1	0	0
เศรษฐ	1	0	0
การอุดมศึกษา	1	0	0
ศาสตรบัณฑิต	1	1	0
แต้ม	1	0	0
ซีกวน	1	0	0
วีรบุรุษ	1	0	0
นิยาย	1	1	0
ผู้บริโภค	1	1	0
คู่บ้านคู่เมือง	1	0	0
เกจิอาจารย์	1	1	0
กลาโหม	1	0	0
เคลื่อนไหว	1	0	0
คธูลู	1	0	0
Shadow	1	0	0
Over	1	0	0
Innsmouth	1	0	0
Thing	1	0	0
on	1	0	0
Doorstep	1	0	0
2476	1	0	0
อสูร	1	0	0
ราชาธิปไตย	1	0	0
งัด	1	0	0
พลเอก	1	4	0
จอมพล	1	0	0
ฮึกเหิม	1	0	0
สเปอร์ส	1	0	0
เมตตาธรรม	1	0	0
ซัวเรซ	1	0	0
Book	1	0	0
Common	1	0	0
Prayer	1	0	0
เบียร์	1	0	0
จาลุกยะตะวันตก	1	0	0
กัลยานี	1	0	0
พสภะกัลยาณ	1	0	0
ถ่าน	1	0	0
ราชอาณาจักร	1	0	0
เด็คคาน	1	0	0
แพรว	1	0	0
Imagine	1	0	0
magazine	1	0	0
เธอกับฉัน	1	0	0
มะกอก	1	0	0
ผิวหนัง	1	0	0
การคลัง	1	0	0
หยอก	1	0	0
ฉาว	1	1	0
คิวบา	1	0	0
ประยุกต์	1	0	0
ผนวก	1	0	0
จ้อง	1	0	0
เขม็ง	1	0	0
หยาบ	1	0	0
คาย	1	0	0
นิด	1	0	0
Baba	1	0	0
dining	1	0	0
จนท.	1	0	0
ส่งเสียง	1	1	0
วนเวียน	1	0	0
เสนา	1	0	0
พระนครศรีอยุธยา	1	0	0
ดาราศาสตร์	1	0	0
ล็อบบี้	1	0	0
สิริมงคล	1	0	0
แถม	1	0	0
ปึก	1	0	0
ลัย	1	0	0
ถึงแก่กรรม	1	0	0
มรณกรรม	1	0	0
อัมพาต	1	0	0
กระบวนการ	1	0	0
โห่	1	0	0
ไชโย	1	0	0
สนั่น	1	1	0
เทนซิน	1	0	0
กยัตโส	1	0	0
อภิปราย	1	0	0
เจาะจง	1	1	0
ยืนยง	1	0	0
โอภากุล	1	0	0
ผู้ชนะ	1	0	0
ผู้แพ้	1	0	0
ฉ้อฉล	1	0	0
พวกพ้อง	1	0	0
ขนม	1	0	0
ห้างสรรพสินค้า	1	0	0
420	1	0	0
จีรนันท์	1	0	0
แฮปปี้	1	0	0
คลาน	1	0	0
นิยาม	1	0	1
จีเอ็มเอ็ม	1	0	0
วิศวะ	1	0	0
ทักษิณ	1	0	0
พรรณวดี	1	0	0
ตันติพลับทอง	1	0	0
ตามใจ	1	0	0
ขัดใจ	1	0	0
มหาวิบัติภัย	1	0	0
สิ้นเนื้อประดาตัว	1	0	0
ทรัพย์สมบัติ	1	0	0
เช่นนั้น	1	0	0
แม้แต่น้อย	1	0	0
หมั่น	1	0	0
บันซัน	1	0	0
ปกปักษ์รักษา	1	0	0
ละเล่น	1	0	0
แลกเปลี่ยน	1	0	0
ลำน้ำ	1	0	0
ปีละ	1	0	0
ออกพรรษา	1	1	0
700	1	0	0
จุดมุ่งหมาย	1	0	0
เทวัญอุไทยวงศ์	1	0	0
ด่านข้าม	1	0	0
ราชบพิธ	1	0	0
มหาฤกษ์	1	0	0
ราแอสโกไมโคตา	1	0	0
Gyromitra	1	0	0
เสียสละ	1	0	0
สตูดิโอ	1	0	0
ซันไรส์	1	0	0
การ์ตูน	1	0	0
โมะเอะ	1	0	0
สักขี	1	0	0
โสมพรรณ	1	0	0
รอดสุข	1	0	0
2523	1	0	0
มะเฟือง	1	0	0
วีระพล	1	0	0
นอบ	1	2	0
น้อม	1	2	1
ถ่อม	1	2	0
อุปถัมภ์	1	0	0
ระทม	1	0	0
เพื่อที่	1	0	0
ชีค	1	1	1
ฮาสินา	1	1	1
คาเลดา	1	0	0
ตอนต้น	1	0	0
น้อยนิด	1	0	0
เท่านี้	1	0	0
เลี้ยว	1	0	0
นู่น	1	0	0
ฉือลี่	1	1	0
ยั่ง	1	0	0
ภูมิอากาศ	1	0	0
เหลื่อม	1	0	0
ธรรมาภิบาล	1	0	0
ทอม	1	0	0
เบซิงสโตก	1	0	0
แฮมเชียร์	1	0	0
2005	1	0	0
ถ้อยคำ	1	0	0
อมาตย์	1	0	0
หมิ่นประมาท	1	0	0
สาธารณ	1	0	0
ขนาน	1	0	0
หวาดกลัว	1	0	1
กังวล	1	0	1
ทันใดนั้น	1	0	0
เบื้องบน	1	0	0
ชะตากรรม	1	0	0
ดีไซน์	1	0	0
2369	1	0	0
2900	1	0	0
ในขณะเดียวกัน	1	0	0
ส่าย	1	0	0
เอียง	1	0	0
ไปมา	1	0	0
โดยใช่เหตุ	1	0	0
ตระ	1	0	0
จื่อจิงซาน	1	0	0
ไฮล์บร็อน	1	0	0
เน็คคาร์	1	0	0
ชตุทท์การ์ท	1	0	0
เละ	1	0	0
5,000	1	0	0
เทก	1	0	0
น่าเชื่อถือ	1	0	1
สิว	1	0	0
เบือร์คี	1	0	0
สวิตเซอร์แลนด์	1	0	0
ปิยะศักดิ์	1	0	1
ชูไกรไทย	1	0	0
ส.ท.	1	0	1
สมานมิตร	1	0	1
พิจิตร	1	0	0
ฉก.	1	0	0
สะพานลอย	1	0	0
2534	1	0	0
เปริโน	1	0	0
จำนอง	1	0	0
เงินสด	1	0	1
ทิศทาง	1	0	1
1765	1	0	0
ชาญฉลาด	1	0	0
ตกค้าง	1	0	0
ขับขี่	1	1	0
ความดัน	1	0	0
เบาหวาน	1	0	1
ตรวจเช็ค	1	1	0
มากน้อย	1	1	0
ฝุ่นละออง	1	0	0
บริเตนใหญ่	1	0	0
46	1	0	0
เครื่องยนต์	1	0	0
โอ่	1	0	0
พล.อ.อ.	1	0	0
ธีร์ศิลป์	1	0	0
คัมภีรญาณนนท์	1	0	0
2482	1	0	0
ไล่เลี่ย	1	0	0
คุณหมอ	1	0	0
Twitter	1	0	0
Facebook	1	0	0
เมามัน	1	0	0
เอนเนด	1	0	0
สตรี	1	0	0
พันธุ	1	0	0
เลือน	1	0	0
เผ่า	1	0	0
ตด	1	0	0
เรอ	1	0	0
แหย่	1	0	0
พับ	1	0	0
เป่า	1	0	0
เอฟเฟค	1	0	0
กีตาร์	1	1	0
มิกซ์	1	0	0
ดิ้น	1	0	0
แฮโรลด์	1	0	0
จุลภาค	1	0	1
ย่อย	1	0	0
สับปะรด	1	0	0
ซ้ำซาก	1	0	0
เก้าอี้	1	0	0
เตียง	1	1	0
ฟีโอ	1	0	0
เป็นต้นว่า	1	0	0
ทวาร	1	0	0
คอก	1	0	0
ยุ้ง	1	0	0
ฉาง	1	0	0
เรือนหอ	1	0	0
ห้วย	1	0	0
เชิร์ช	1	0	0
ออฟ	1	0	0
อิงแลนด์	1	0	0
ซามารินดา	1	0	0
กาลิมันตัน	1	0	0
กัปตัน	1	0	0
คลั่ง	1	0	0
ผลพลอยได้	1	0	0
ปาฏิหาริย์	1	0	0
ผู้เชี่ยวชาญ	1	0	0
จิ๊กซอว์	1	0	0
ปัจฉิมโอวาท	1	0	0
พุทธศาสนสุภาษิต	1	0	0
เอเชียตะวันออกเฉียงใต้	1	0	0
มหาวิกฤต	1	0	0
สือ	1	0	0
ไทมส์	1	0	0
เก็ง	1	0	0
ปรอท	1	0	0
พิชญ์นาฎ	1	0	0
สาขากร	1	0	0
เปลว	1	0	0
โศกนาฏกรรม	1	1	0
หนานจิง	1	0	0
พลูโตเนียม	1	0	0
ความรุนแรง	1	0	0
มองค์	1	0	0
1660	1	0	0
คอนเว็นท์ชั่น	1	0	0
สกัดกั้น	1	0	0
ไอแพด	1	0	1
แบรนด์เนม	1	0	1
น้ำตาลทราย	1	0	0
อ้อย	1	0	0
คาเปลโล่	1	1	0
ฟิต	1	0	0
คำบอกเล่า	1	0	0
ทุกอย่าง	1	0	0
N	1	0	0
เซต	1	0	0
วันทอง	1	0	0
แมงมุม	1	0	0
กระทำการ	1	0	0
วิสัย	1	0	0
พฤติการณ์	1	0	0
ผลาญ	1	0	0
ฉิบหาย	1	0	0
ลำเค็ญ	1	0	0
คุดคู้	1	0	0
อนุภาค	1	0	0
ประจุ	1	0	0
เบรมส์ชตราลุง	1	0	0
รายรับ	1	0	0
เรื่องสั้น	1	0	0
โต๊ะก็คือโต๊ะ	1	0	0
ปรบ	1	0	0
สภาพแวดล้อม	1	0	0
รบกวน	1	0	0
หลงใหล	1	0	0
กิเลส	1	0	0
คลี่คลาย	1	0	0
ปฐมพยาบาล	1	0	0
ประจำตัว	1	0	0
ไว้วางใจ	1	0	2
ที่ตั้ง	1	0	1
พลตรี	1	0	0
นิพัฒน์	1	0	0
เล็กฉลาด	1	0	0
แข็งกร้าว	1	0	0
โซล	1	0	0
กราบ	1	0	0
บังคม	1	0	0
ละออง	1	0	0
ใจเย็น	1	0	0
1429	1	0	0
ถ่อง	1	0	0
ราชินี	1	1	0
มาร	1	0	1
ผนึก	1	2	0
อคติ	1	0	0
พระเกจิอาจารย์	1	0	0
ปู่	1	0	0
โทรศัพท์มือถือ	1	0	0
Blackberry	1	0	0
ต่อๆไป	1	0	0
เคลื่อนย้าย	1	1	0
เอสแอนด์พี	1	0	0
6.2	1	0	0
ขรรค์	1	0	0
สมุด	1	0	0
จันทิศ	1	0	0
จันถี	1	0	0
จ่า	1	0	0
สพพระเชิงเรือน	1	0	0
28.87	1	0	0
ท่อน	1	1	0
เนื้อเพลง	1	0	0
งก	1	0	0
ทู	1	0	0
กลอง	1	0	0
ยัด	1	0	0
เข่ง	1	0	0
เอบูกา	1	0	0
โกรอม	1	0	0
ชิดี	1	0	0
ชิมา	1	0	0
เอเคเรม	1	0	0
ไอเคม	1	0	0
จิโอกี	1	0	0
ตะเข็บ	1	0	0
รีล	1	1	0
มายอร์ก้า	1	0	0
มาลาก้า	1	0	0
หรา	1	0	0
หลั่น	1	0	0
คอนโด	1	0	0
มาลัย	1	0	0
มร.	1	0	0
โอตะกะ	1	0	0
ฟะ	1	0	0
อึดใจ	1	0	0
กลางคน	1	0	0
คะ	1	0	0
พลาง	1	0	0
กระดาษ	1	0	0
ได้สติ	1	0	0
๑๒	1	0	0
๒๕๑๘	1	0	0
เสียจน	1	0	1
ประจำวัน	1	0	0
ชมรม	1	0	0
ฟอเร็กซ์	1	0	0
เครื่องบันทึก	1	0	0
อาร์มัญญัค	1	0	0
ครบถ้วน	1	0	0
โลภ	1	0	0
นาโปลี	1	0	0
ซาแลร์นิตาน่า	1	0	0
อะตอม	1	0	0
ไฮโดรเจน	1	0	1
ดิวเทอเรียม	1	0	1
หลอม	1	0	0
ฮีเลียม	1	0	0
สามย่าน	1	0	1
ศรีย่าน	1	0	0
ท.	1	0	0
อดทน	1	1	0
ฮาวาย	1	0	0
ดับเบิลยู	1	0	0
อัดอั้น	1	0	0
ชนิตา	1	0	0
ครอบคลุม	1	0	0
ข้างเคียง	1	0	0
กระทืบ	1	0	0
อนาถ	1	0	0
ยังบลัด	1	0	0
วีแกน	1	0	0
เจย์	1	0	0
ซิมป์สัน	1	0	0
เหมา	1	0	0
66	1	0	0
คาร์ลอส	1	0	0
เวล่า	1	0	0
เทียนจิง	1	0	0
นำเสนอ	1	0	0
พันธ์ทิพย์	1	0	0
มุข	1	1	1
ทั่วโลก	1	0	0
คริส	1	0	0
สมอลลิ่ง	1	0	0
ฟิล	1	0	0
โจนส์	1	0	0
ธิมามนตรี	1	0	0
ก.หน.	1	0	0
บช.น.	1	0	0
บาล	1	0	0
บวรมงคล	1	0	0
อุก	1	0	0
วิถีชีวิต	1	0	3
เลวร้าย	1	0	0
แนะนำ	1	0	1
170	1	0	0
จูราสสิค	1	0	0
ในเมื่อ	1	0	0
อลิซาเบธ	1	1	0
1588	1	0	0
ศรีลังกา	1	1	0
พยัคฆ์	1	0	0
38	1	0	0
หวาดผวา	1	0	0
รับฟัง	1	0	0
ฉลาด	1	0	0
ปราดเปรื่อง	1	0	0
สั่งการ	1	0	0
พอร์ช	1	1	0
โฟล์ค	1	0	0
สวาเกน	1	0	0
56.75	1	0	0
16.5	1	0	0
คอร์ส	1	0	0
พระโรง	1	0	0
ชายา	1	0	0
สรง	1	0	0
กรอุมา	1	0	0
ศักดิ์ศรีเลิศคำ	1	0	0
00.45	1	0	0
หน้าผาก	1	0	0
ไผ่	1	0	0
กลวง	1	0	0
เบี้ยแก้	1	0	0
มีดหมอ	1	0	0
ยันต์	1	0	0
ประเจียด	1	0	0
จำนน	1	0	0
1640	1	0	0
เว้า	1	0	0
หลงลืม	1	0	0
ถึงกระนั้น	1	0	0
ความรัก	1	1	0
ปอบผีฟ้า	1	0	0
ศิษย์	1	0	0
ก.น.	1	0	0
02	1	0	0
1.7	1	0	0
4.2	1	0	0
อิทธิ	1	0	1
วุฒิ	1	1	0
อาเซียนพาราเกมส์	1	1	0
การว่างงาน	1	0	0
6.1	1	0	0
ตกงาน	1	0	0
โอเอ็นเอส	1	0	0
ภาครัฐ	1	0	0
การขาดดุล	1	0	0
44,200	1	0	0
61,000	1	0	0
อุ้ม	1	0	0
Royal	1	0	0
Bank	1	0	0
Scotland	1	0	0
การแก้ปัญหา	1	0	0
ศิลปะศาสตร์	1	0	0
มนุษยศาสตร์	1	0	0
31	1	0	1
การแพทย์	1	0	0
หลักสูตร	1	0	0
56	1	0	0
วาย	1	0	0
แทมปา	1	0	0
2555	1	0	0
คึก	1	0	0
คะนอง	1	0	0
ฝ่าฝืน	1	0	0
กฏ	1	0	1
เข็มขัด	1	0	0
หมวกนิรภัย	1	0	0
เหนียวแน่น	1	0	0
บวร	1	0	0
ประปราย	1	0	0
ปีก	1	0	0
ปมาโท	1	0	0
มจฺจุโน	1	0	0
ปทํ	1	0	0
ศูนย์สารสนเทศ	1	0	0
ศูนย์ปฏิบัติการกองทัพบก	1	0	0
ความมั่นใจ	1	1	1
1949	1	0	0
อีริค	1	0	0
ฟิชวิค	1	0	0
ซีแอลเอสเอ	1	0	0
จุฑานาถ	1	0	0
ศรีสำราญ	1	0	0
นยาซา	1	0	0
นิอัสซา	1	0	0
จืด	1	0	0
ประชาสัมพันธ์	1	0	0
นิพพาน	1	0	0
เวียนว่ายตายเกิด	1	0	1
ตรัส	1	0	0
ระแวง	1	0	0
ประชาคม	1	0	0
อัลเฟรด	1	0	0
แท่งทอง	1	0	0
แบ็คอัพ	1	0	0
เด็กหลังห้อง	1	0	0
Demo	1	0	0
อัสนี	1	0	0
โชติกุล	1	0	0
ต้มตุ๋น	1	0	0
อยู่เสมอ	1	0	0
ซ้ำไปซ้ำมา	1	0	0
พระมารดา	1	0	0
เหยียดหยาม	1	0	0
ข่มเหง	1	0	0
ริ	1	0	0
กาจ	1	0	0
ครึกครื้น	1	0	0
กิตโม	1	0	0
บ้านเมือง	1	1	0
ทิวทัศน์	1	0	0
ก๊าช	1	0	0
พลบ	1	0	1
แรงดัน	1	0	0
โผล่	1	0	0
เผลอ	1	1	0
หลับใหล	1	0	0
ท้อแท้	1	1	0
แขนง	1	0	0
เอ็กซ์โป	1	0	0
เอาแต่ใจ	1	0	0
มดเท็จ	1	0	0
โอ้	1	0	0
อภินิหาร	1	0	0
มีแต่	1	0	0
ดวล	1	0	0
เขี่ย	1	0	1
ซาชิมิ	1	0	0
ราเม็ง	1	0	0
สุกียากี้	1	0	0
เทมปุระ	1	0	0
เกี๊ยวซ่า	1	0	0
ทาโกะยากิ	1	0	0
ขนมครก	1	0	0
Lo	1	0	0
Society	1	0	0
ไซโคลน	1	0	0
1700	1	0	0
แฮปสบูร์ก	1	0	0
มิฉะนั้น	1	0	0
ปลื้ม	1	0	0
2529	1	0	0
ไท	1	0	0
เอ็นเตอร์เทนเมนต์	1	0	0
ชาน	1	0	0
ตัวเล็ก	1	0	0
บิด	1	0	0
มอเตอร์ไซค์	1	0	0
GANGSTER	1	0	0
INTREND	1	0	0
GYMKHANA	1	0	0
ดริฟท์	1	0	0
แตกแยก	1	1	0
แกนนำ	1	0	0
เอารัด	1	0	0
เอาเปรียบ	1	0	0
เวชชาชีวะ	1	0	0
พินัย	1	1	0
กรณาฏกะ	1	0	1
รีบเร่ง	1	0	0
ข้างหน้า	1	0	0
ผู้โดยสาร	1	0	0
กู	1	0	0
82,119	1	0	0
ปกรณัม	1	0	0
ภูต	1	1	0
72,207	1	0	0
ชี้แจง	1	0	0
อดิเรก	1	0	0
วัฏลีลา	1	0	0
ธนิตย์	1	0	0
จิตนุกูล	1	0	0
1,300	1	0	0
5,300	1	0	0
ใจหาย	1	0	0
ร่อน	1	0	0
เฟอร์นิเจอร์	1	0	0
มงฟอร์ต	1	0	0
บารอน	1	0	0
มหากฎบัตร	1	0	0
บลูมเบิร์ก	1	0	0
140	1	1	0
EL	1	0	0
2.0	1	0	0
155	1	0	0
ลายลักษณ์	1	0	0
มองสิเออร์	1	0	0
เดอ	1	0	0
Monsieur	1	0	0
De	1	0	0
La	1	0	0
Loubere	1	0	0
เอกอัครราชทูต	1	0	0
พระนารายณ์	1	0	0
2230	1	0	0
ดีเจ	1	0	0
เพชรจ้า	1	0	0
รัง	1	1	0
ปราศ	1	1	0
ปอง	1	1	0
แค่นี้	1	0	0
เป็นห่วง	1	0	0
๔๘๖	1	0	0
พิชัยญรงค์สงคราม	1	0	0
ปากเพรียว	1	0	0
เมืองสระบุรี	1	0	0
บั่นทอน	1	0	0
เป็นอยู่	1	0	0
สามัญ	1	0	1
รับจ้าง	1	0	0
สุปวีณ์	1	0	0
อศินธรรม	1	0	0
สวอนซี	1	0	0
วัตฟอร์ด	1	0	0
1758	1	0	0
วอล์ฟ	1	0	0
คิวเบก	1	0	0
ฝืน	1	0	0
1554	1	0	0
แมรี	1	0	1
อภิเษก	1	1	0
เมาท์	1	0	0
บันดาล	1	0	0
ปัณณวัฒน์	1	0	0
ชาญวิชา	1	0	0
600,000,000,000	1	0	0
550,000,000,000	1	0	0
50,000,000,000	1	0	0
เค็ม	1	1	0
โชยุ	1	0	0
ฉุน	1	0	0
วาซาบิ	1	0	0
คาว	1	0	0
ซาเซมิ	1	0	0
ต้ม	1	0	1
ข้อควรทำ	1	0	0
ร้าว	1	1	0
เซาะ	1	0	0
ปะ	1	0	0
หลอดอาหาร	1	1	0
ไครสเลอร์	1	0	0
ฤดูใบ	1	0	0
ผลิ	1	0	0
2399	1	0	0
พีชคณิต	1	0	0
สามัญสำนึก	1	0	0
เกล็ด	1	0	0
ปวีณ์นุช	1	0	0
ยอดปรีชาวิจิตร	1	0	0
ฮอลันดา	1	0	0
1697	1	0	0
ราชอาณาจักรพานาวสี	1	0	0
กทัมพะ	1	0	0
ชันสูตร	1	0	0
กราม	1	0	0
จ้ำ	1	0	0
เซฟ	1	0	0
ซีน	1	1	0
แหวะ	1	0	0
แบน	1	0	0
ตัก	1	0	0
ธรรมศาลา	1	0	0
2502	1	0	0
ล้มเหลว	1	0	0
อัลเทอร์เนทีฟ	1	0	1
มิวสิค	1	0	0
นิพนธ์	1	0	0
ผิวเณร	1	0	0
เชื่อฟัง	1	0	0
ข้อโต้แย้ง	1	0	0
หมอผี	1	0	0
เฟอร์กี้	1	0	0
หืด	1	0	0
พันธุกรรม	1	0	0
2526	1	0	0
ปลั๊กไฟ	1	0	0
คาดฝัน	1	0	0
ลัดวงจร	1	1	0
น้ำประปา	1	0	0
เพื่อนบ้าน	1	0	0
ขาง	1	0	0
นอร์ธ	1	0	0
ชื้น	1	0	0
เหยียน	1	0	0
เสวฺียทง	1	0	0
Daniel	1	0	0
A.	1	0	0
Bell	1	0	0
โปรแกรม	1	0	0
Jana	1	0	0
S.	1	0	0
Rošker	1	0	0
ธาร	1	0	0
พลการ	1	0	0
โภชนาการ	1	0	0
อ่อนโยน	1	0	0
กระหาย	1	0	0
จินตนาการ	1	0	0
ปักกิ่ง	1	0	1
ตีน	1	0	1
เพลิน	1	0	0
เพลิด	1	0	0
เตลิด	1	0	0
สุดท้ายแล้ว	1	0	0
ผู้นั้น	1	0	0
ไรส์	1	0	0
แกเบรียล	1	0	0
ยับเยิน	1	0	0
1646	1	0	0
ซิป	1	0	0
กางเกง	1	0	0
เบเนดิกท์	1	0	0
คริสตจักร	1	0	0
จิ่นเทา	1	0	0
ฉายา	1	1	0
ลิเบอโร	1	0	0
เดิมที	1	0	0
ดุร้าย	1	0	0
ชื่อเล่น	1	0	0
วิตามิน	1	0	0
เกลือแร่	1	0	0
ท้องตลาด	1	0	0
พระอินทร์	1	0	0
มิสกวัน	1	0	0
จิตรลดาวัน	1	0	0
นันทวัน	1	0	0
เอบีซี	1	0	0
เจียด	1	0	0
ปวดร้าว	1	0	0
ตามานโญ	1	0	0
อหิวาตกโรค	1	0	0
สก็อตส์	1	0	0
ทรพิษ	1	0	0
เบย์โรเลรี	1	0	0
2448	1	0	0
ใสพลกรัง	1	0	0
กระเพาะอาหาร	1	0	0
โป๊ป	1	0	0
พุทธกาล	1	0	0
องค์สมเด็จพระสัมมาสัมพุทธเจ้า	1	0	0
ตรัสรู้	1	0	0
ชมพูทวีป	1	0	0
โค	1	0	0
32	1	0	1
ทั้งปี	1	0	0
หล่น	1	0	0
โบร๊คเกอร์	1	0	0
จุกจิก	1	0	0
แคลเซียมคาร์บอนเนต	1	0	0
แร่	1	0	0
ประวัติการณ์	1	0	0
เจียน	1	0	0
ชิงช้า	1	0	0
สามัคคี	1	0	0
เดชานุภาพ	1	0	0
รถไฟฟ้า	1	0	2
ห้อย	1	0	0
ดริฟ	1	0	0
2449	1	0	0
พระชนมายุ	1	0	0
อัปมงคล	1	0	0
มิโดริ	1	0	0
ชีวา	1	0	0
เอ็นเตอร์เทนเม้นท์	1	0	0
ผู้ร้าย	1	0	0
โน้มถ่วง	1	0	0
รังสี	1	0	3
ดวงอาทิตย์	1	0	0
ดวงจันทร์	1	0	0
มุ่งมั่น	1	0	1
มุมานะ	1	0	0
ปวีณา	1	0	0
บำรุงรส	1	0	0
ลิขสิทธิ์	1	0	0
สร้างสรรค์	1	1	0
ชอุ่ม	1	0	0
ทิว	1	0	0
เฟด	1	0	0
ทว่า	1	0	0
ที่หมาย	1	0	0
19.10	1	0	0
พ.ต.ท.	1	0	0
วรกฤช	1	0	0
สารวัตร	1	0	0
หนองขาม	1	0	0
ยับยั้ง	1	0	0
คลอ	1	0	0
680	1	0	0
1,474	1	0	0
จิตสาธารณะ	1	1	0
เดา	1	0	1
โฟล์คสวาเกน	1	1	0
ราทิโอฟาร์ม	1	0	0
อินเตอร์เนชันแนล	1	0	0
ไฮเดลเบิร์ก	1	0	0
เอสปันญ่อล	1	0	0
เซลต้า	1	0	0
บีโก้	1	0	0
วิชั่น	1	0	0
เนกซ์	1	0	0
เอ็ม	1	0	1
เอ	1	0	0
เราต์เตอร์	1	0	0
เราเตอร์	1	0	0
โมเด็ม	1	0	0
บรอดแบนด์	1	0	0
โศกา	1	0	0
อาลัย	1	0	1
แปะ	1	0	0
อ้างอิง	1	0	0
http://www.unseencar.com/content5.php	1	0	0
บัง	1	0	0
กำกวม	1	0	0
อิโหน่อิเหน่	1	0	0
นับแต่นั้น	1	0	0
ราม	1	0	0
บ้านช่อง	1	0	0
พุลโกกี	1	0	0
ซัมกเยทัง	1	0	0
ชาจังมยอน	1	0	0
แนง-มยอน	1	0	0
ต๊อกโปกี	1	0	0
คิมบับ	1	0	0
ห่อ	1	0	0
กัก	1	0	0
หมอน	1	0	0
สุนัขจิ้งจอกกับเงา	1	0	1
มีเสียง	1	0	0
หนาหู	1	0	0
ชันษา	1	0	0
ร้องเพลง	1	0	0
เลอะเทอะ	1	0	0
ฮิต	1	1	0
รับประกัน	1	0	0
โซฮอล์	1	0	0
สปีด	1	0	0
ความรู้สึกนึกคิด	1	1	0
3.05	1	0	0
ตกเป็น	1	0	0
ส่งออก	1	2	0
PSK	1	0	0
802.1x/RADIUS	1	0	0
WDS	1	0	0
WEP	1	0	0
TKIP	1	0	0
CCMP	1	0	0
ใจเดียว	1	0	0
เอ็กเทอนอลฮาสดิส	1	0	0
ฮาสดิส	1	0	0
พันธสัญญา	1	0	0
ขม	1	0	0
ขื่น	1	0	0
เจ้าหนี้	1	0	0
เบี่ยงเบน	1	0	0
นิคมอุตสาหกรรม	1	0	0
โรจนะ	1	0	0
ช็อคโกแลต	1	0	0
ปรานี	1	0	0
ตลบ	1	0	0
อบอวล	1	0	0
บอบช้ำ	1	0	0
ราซิ่ง	1	0	0
ซานตานเดร์	1	0	0
มูร์เซีย	1	0	0
ปุ๊บ	1	0	0
สมานฉันท์	1	0	0
ประจวบ	1	0	0
ตรึง	1	0	0
บิดร	1	0	0
เขียด	1	0	0
แย้	1	0	0
ตำ	1	0	0
แจ่ว	1	0	0
ร้า	1	0	0
น้ำส้มสายชู	1	0	0
ของคาว	1	0	0
เศร้าสลด	1	0	0
ไหลริน	1	0	0
ล้อ	1	1	0
อายัด	1	0	1
หม่า	1	0	0
อิงจิว	1	0	0
มโหฬาร	1	0	0
วงจร	1	1	0
ราง	1	0	0
อุบัติรักข้ามขอบฟ้า	1	0	0
ซะแร้ว	1	0	0
หนองคาย	1	0	0
บึงกาฬ	1	0	0
ชายแดน	1	0	0
บัวโนสไอเรส	1	0	0
กอร์ริเอนเตส	1	0	0
อุรุกวัย	1	0	0
เส้นทาง	1	1	1
ปัก	1	0	0
หัวข้อ	1	0	0
นิมิต	1	0	0
กอร์ดอน	1	0	0
2.55	1	0	0
เพียบพร้อม	1	2	0
ศักย	1	0	0
หมุน	1	0	2
พินิจ	1	0	1
เพลิดเพลิน	1	0	0
ห่างไกล	1	0	0
ซิ่วไฉ	1	0	0
เช็คสเปียร์	1	0	0
เสบียง	1	0	0
เบ้า	1	1	0
ศาสดา	1	0	0
กลับบ้าน	1	0	1
สุรุ่ยสุร่าย	1	0	0
ผลลัพธ์	1	0	0
ยาเบื่อ	1	0	0
1715	1	0	0
วิก	1	0	0
พระบาทสมเด็จพระมงกุฎเกล้าเจ้าอยู่หัว	1	0	0
พระราชวัง	1	0	0
ดุสิต	1	0	0
ทรงพระกรุณาโปรดเกล้า	1	0	0
วาสุกรี	1	0	0
สมเด็จพระอนุชาธิราช	1	0	0
จักรพงษ์ภูวนาถ	1	0	0
กรมหลวง	1	0	0
พิษณุโลกประชานาถ	1	0	0
คั่น	1	0	0
ข้อสังเกต	1	0	0
ภาพถ่าย	1	0	0
วีดีโอ	1	0	0
โผฏฐัพพะ	1	0	0
124,530	1	0	0
13,766	1	0	0
หุบ	1	0	0
เกรตริฟต์แวลลีย์	1	0	0
เอ่อ	1	0	0
hotspot	1	0	0
RADIUS	1	0	0
เซิร์ฟเวอร์	1	0	0
120	1	0	0
เอียน	1	0	0
ออร์เดอร์	1	0	0
พระบารมี	1	0	0
ปะทะ	1	0	2
เผ่น	1	0	0
กระสอบ	1	1	0
ก้าวเท้า	1	0	0
สะใจ	1	0	0
เสียบ	1	0	0
ATM	1	2	0
ธนา	1	0	0
ปาปัวตะวันตก	1	0	0
แคมป์	1	0	0
54,000	1	0	0
Convection	1	0	0
current	1	0	0
theory	1	0	0
ถอนตัว	1	0	0
ทันใด	1	0	0
วรุตม์	1	0	0
ก่อเกียรติถาวร	1	0	0
สสาร	1	0	0
ปะการัง	1	0	0
นิ่งเงียบ	1	0	0
สัมมาสัมพุทธเจ้า	1	0	0
สิกขา	1	0	0
เดรัจฉาน	1	0	0
ไขมัน	1	1	0
น้ำหนัก	1	0	0
อาฆาต	1	0	0
พยาบาท	1	0	0
เร่ร่อน	1	0	0
24.43	1	0	0
12.21	1	0	0
ร่องรอย	1	0	0
เจริญปุระ	1	0	0
ก๋วยเตี๋ยว	1	0	0
เชือดก่อนชิม	1	0	0
พระนครฟิล์ม	1	0	0
ตรวจตรา	1	0	0
กีอานห์	1	0	0
กวางบินห์	1	0	0
ฮานอย	1	0	0
แต่ก่อน	1	0	0
สตีเวน	1	0	0
กู๊ด	1	0	0
อสังหาริมทรัพย์	1	1	0
จากัวร์	1	0	0
สงวน	1	0	1
ความขัดแย้ง	1	0	0
เข้าสู่	1	0	0
เพ็ญพิชชา	1	0	0
เฮี้ยนชาศรี	1	0	0
5432558023	1	0	0
พญ.	1	0	0
เมเปิลส์	1	0	0
ตัวละคร	1	0	1
สะเดาะ	1	0	2
อย่างไรก็ตาม	1	0	0
24.5	1	0	0
ชู้	1	0	0
สิทธิศักดิ์	1	0	0
ครั้งนั้น	1	0	0
น่าเสียดาย	1	0	0
เรือง	1	0	1
ปาน	1	0	0
ซะแล้ว	1	0	0
แล้วแต่	1	0	0
สุกฤษฎิ์	1	0	0
วิเศษแก้ว	1	0	0
วรรณรท	1	0	0
สนธิไชย	1	0	0
สาธารณสุขศาสตร	1	0	0
บุคลากร	1	0	0
เนื่องมาจากว่า	1	0	0
น้อยใจ	1	0	0
ธีม	1	0	0
2560	1	0	0
ERM	1	0	0
Thailand	1	0	0
ความมืด	1	0	0
ทอดสายตา	1	0	0
วิเศษ	1	0	0
ด่า	1	0	0
บริภาษ	1	0	0
คัดค้าน	1	0	0
เค้น	1	1	0
48	1	1	0
โนวัก	1	0	0
นาซ่า	1	1	0
พิทักษ์	1	0	0
รอดพ้น	1	0	0
โชคร้าย	1	0	0
ลาภ	1	0	0
รู้คุณ	1	0	0
สุโขทัย	1	0	0
อยุธยา	1	0	0
ถั่ว	1	0	0
ทั้งนั้น	1	0	1
ทั้งยัง	1	0	1
ด้วยเหตุนี้	1	0	0
ลังกา	1	0	0
เช่นนั้นแล้ว	0	1	0
มองข้าม	0	1	1
โอ้อวด	0	1	0
แปลกใจ	0	1	0
ราเมง	0	1	0
อุด้ง	0	1	0
แพท	0	1	0
จับจ่าย	0	1	0
ใช้สอย	0	1	0
เสียอีก	0	1	0
พอประมาณ	0	1	0
กระต่ายกับเต่า	0	1	0
แมนฯยู	0	1	0
สกอร์	0	1	0
เวลเบ๊ค	0	1	0
ทีวี	0	1	0
นีส	0	1	0
749,000	0	1	0
1,101,000	0	1	0
พ่น	0	1	0
หวาง	0	2	0
ผัน	0	1	0
เพอร์เฟ็กต์	0	1	0
อิเล็กตรอน	0	1	0
นิวเคลียส	0	1	0
โอลิมปิก	0	1	0
แพ็ค	0	1	0
1944	0	1	0
โดยแท้จริงแล้ว	0	1	0
สลากกินแบ่ง	0	1	1
สันนิบาตอะวามี	0	1	0
231	0	1	0
ส.ส.	0	1	0
300	0	1	0
ชาตินิยมบังกลาเทศ	0	1	0
บีเอ็นพี	0	1	0
เปล่ง	0	1	0
มนตร์	0	1	0
นะโม	0	1	0
ตัสสะ	0	1	0
ภะคะวะโต	0	1	0
เดอะแฟนธ่อมออฟดิโอเปร่า	0	1	0
แอนดรูว์	0	1	0
ลอยด์	0	1	0
เวบเบอร์	0	1	0
ดัด	0	1	2
Le	0	1	0
Fantôme	0	1	0
de	0	1	0
l'Opéra	0	1	0
Gaston	0	1	0
Leroux	0	1	0
มาร์แชลล์	0	1	0
อาร์โนลด์	0	1	0
หม่น	0	1	0
หมอง	0	1	0
หมก	0	1	0
มุ่น	0	1	0
หมิ่น	0	1	0
เหยียด	0	1	0
หยาม	0	1	0
พิบัติ	0	1	0
อยากเห็นหน้าคุณ	0	1	0
มันส์	0	1	0
ออกปาก	0	1	0
อั้น	0	1	0
ทางผ่าน	0	1	0
รังเกียจ	0	2	0
ปาล์ม	0	2	0
ชุมพร	0	1	0
ท้องขาว	0	1	0
ฮวบ	0	1	0
ซุ้ม	0	1	0
แกล	0	1	0
1.18	0	1	0
เศร้าโศก	0	1	1
หว่าเว้	0	1	0
โหม	0	1	0
แอลกอฮอล์	0	1	0
ดม	0	1	0
ตื่นตระหนก	0	1	0
มองเห็น	0	1	0
นัดหมาย	0	1	1
ตรวจจับ	0	1	0
ใจกลาง	0	1	0
เฝิง	0	1	0
โหย่วหลาน	0	1	0
ไมตรี	0	2	0
ค้ำ	0	1	0
จุน	0	1	0
ตะลึง	0	1	0
สนทนา	0	1	0
เอี่ยว	0	1	0
มาเลเซียซูเปอร์ลีก	0	1	0
ฮอร์โมน	0	1	0
มิสเตอร์เวิลด์	0	1	0
2003	0	2	0
แช่	0	1	0
ตู้เย็น	0	1	0
นักเลง	0	1	0
ดอกรักริมทาง	0	1	0
โรแมนติก	0	1	0
คอมมาดี้	0	1	0
เอ็กแซ็กท์	0	1	0
ซีเนริโอ	0	1	0
แต่เดิม	0	1	0
ชาเลนจ์	0	1	0
บ่งชี้	0	1	0
ฮุสตัน	0	1	0
เทกซัส	0	1	1
2541	0	1	0
ข้อหา	0	1	1
คุก	0	3	0
ตับ	0	1	0
ไต	0	1	1
สุดแสน	0	1	0
กอด	0	1	0
ที่รัก	0	1	0
ถ้อย	0	1	0
การกำจัดเชื้อ	0	1	0
กรด	0	1	0
องค์ชายอันพย็อง	0	1	0
1973	0	1	0
ป้อน	0	1	0
20.38	0	1	0
2554	0	1	0
mango	0	1	0
cheesecake	0	1	0
ของขวัญ	0	1	0
ตันยงซุน	0	1	0
เลอ	0	1	0
กอร์ดง	0	1	0
เบลอ	0	1	0
ขอบเขต	0	1	0
ถั่วเหลือง	0	1	0
เช่นเคย	0	1	0
ฮอลแลนด์	0	1	0
ฟาบิโอ	0	1	0
ตุ๊กตาทอง	0	1	0
ยอดเยี่ยม	0	2	0
สุพรรณหงส์	0	1	0
เทกโอเวอร์	0	1	0
อุ๋ย	0	1	0
ฟิตฟลอพ	0	1	0
เอ็มบีที	0	1	0
นึ่ง	0	1	1
ทัศนะ	0	1	0
คัดสรร	0	1	1
แนวโน้ม	0	1	1
ฉก	0	1	0
ฉุด	0	2	1
ชำเรา	0	1	0
ข้อห้าม	0	1	0
เนตซาริม	0	1	0
EXPO	0	1	0
แผ่นดินไหว	0	2	0
อาทิตย์อุทัย	0	1	0
แต่งกาย	0	1	0
สาระ	0	1	0
สุดวิสัย	0	1	0
โดยทั่วไป	0	1	0
กาด	0	1	0
หวง	0	1	0
ทรวง	0	1	0
หน่วง	0	1	0
กล้ำ	0	1	0
เลิศ	0	1	1
ชื่นชอบ	0	1	0
ในไม่ช้า	0	1	0
ขว้าง	0	1	0
เท่าตัว	0	1	0
เสาะแสวงหา	0	1	0
2527	0	1	0
โตเกียว	0	1	0
เตาปูน	0	1	0
ชูเมือง	0	1	0
37	0	1	0
อาคม	0	1	1
ชื่อดัง	0	1	0
แคล้วคลาด	0	1	0
เคร่ง	0	1	0
วสิรินทร์	0	1	0
ตัณฑ์ศิริ	0	1	0
เป็นครั้งแรก	0	1	0
1935	0	1	0
ชาวอเมริกัน	0	1	0
คับ	0	1	0
กีด	0	1	0
ปรวน	0	1	0
Motor	0	1	0
Expo	0	1	0
อำนวยการ	0	1	0
ต้อนรับ	0	1	0
78	0	1	0
หางดง	0	2	0
เชียงใหม่	0	1	0
โฟม	0	1	0
จัดวาง	0	1	0
อยู่ดีมีสุข	0	1	0
2.34	0	1	0
หมักดอง	0	1	0
เครื่องหมาย	0	1	0
ชนชาติ	0	1	0
1.95	0	1	0
68.25	0	1	0
วอลสตรีต	0	1	0
นิกเกอิ	0	1	0
164.15	0	1	0
7,901.64	0	1	0
คอสปิ	0	1	0
2.1	0	1	0
1,103.61	0	1	0
บรมวงศ์เธอ	0	1	0
ขาล	0	1	0
โทศก	0	1	0
1192	0	1	0
เถาดาน	0	1	0
ซามพ์โดเรีย	0	1	0
เอ็มโปลี	0	1	0
แต่งตั้ง	0	2	0
สุรยุทธ์	0	1	0
จุลานนท์	0	1	0
ไลท์	0	1	0
สวีต	0	1	0
38.33	0	1	0
เบรนท์	0	1	0
77	0	1	0
39.38	0	1	0
ก่อนหน้า	0	2	1
สินเชื่อ	0	1	0
ฤกษ์ยาม	0	1	0
ก่อสร้าง	0	1	0
สุพิศาล	0	1	0
ผ้าใบ	0	1	0
ระแคะระคาย	0	1	0
หมุนเวียน	0	1	0
สัมปชัญญะ	0	1	0
ทิพย์	0	2	0
ภพ	0	1	0
โดยปกติ	0	1	0
พรุ่ง	0	1	0
ออกตรวจ	0	1	0
ความเปลี่ยนแปลง	0	1	0
ส่วนตีบ	0	1	0
ก้อนเนื้อ	0	1	0
ติดไฟ	0	1	0
สูงสุด	0	1	0
ถึงขนาด	0	1	0
หายตัว	0	1	0
ผู้จัดการ	0	1	0
จดจำ	0	1	0
ขมา	0	1	0
ปวารณา	0	1	0
พุทธมามกะ	0	1	0
รุก	0	1	0
ประชิด	0	1	0
20,000	0	1	0
อ้อน	0	1	0
วอน	0	1	0
เบติส	0	1	0
คาสเตญ่อน	0	1	0
คำเตือน	0	1	0
เผชิญหน้า	0	1	0
ทบทวน	0	1	0
คืบหน้า	0	1	0
สติสัมปชัญญะ	0	1	0
ถ่ายทอด	0	1	0
ภูธร	0	1	0
พรั่นพรึง	0	1	0
เมืองหลวง	0	1	0
ค้นหา	0	1	0
คล้อย	0	1	0
1.75	0	1	0
ผกก.	0	1	0
อันเป็นไป	0	1	0
เล่าขาน	0	1	0
เว็บไซต์	0	1	0
มิลาน	0	1	0
เบ๊คส์	0	1	0
คนใช้	0	1	0
พ.ร.บ.	0	1	1
ดอฮะ	0	1	0
ตาตา	0	1	0
สุวารี	0	1	0
รือเสาะ	0	1	1
357	0	1	0
กระบอก	0	2	0
ชวลิต	0	1	1
สังข์แก้วป่า	0	1	0
122	0	1	1
โคกเคียน	0	1	0
สายพันธุ์	0	1	0
เอช	0	1	0
เอ็น	0	1	0
พระบาทสมเด็จพระจอมเกล้าเจ้าอยู่หัว	0	1	0
พิบิมบับ	0	1	0
ข้าวยำ	0	1	0
จริงๆแล้ว	0	1	0
คล้ายคลึง	0	1	0
ส.ต.อ.	0	1	0
สะเก็ด	0	1	0
พลโท	0	1	0
ราษฎร์	0	1	0
มาสด้า	0	1	0
ฟิล์ม	0	1	0
ทึบ	0	1	0
ลูกโซ่	0	1	0
เตราไต	0	1	0
ปรีมา	0	1	0
มึน	0	1	0
เวิลด์กรังด์ปรีซ์	0	1	0
งุนงง	0	0	1
จุมปุ๊ก	0	0	1
เป็นอันขาด	0	0	1
93	0	0	1
ลูกค้า	0	0	1
ความยาว	0	0	1
ความกว้าง	0	0	1
สุขลักษณะ	0	0	1
บัว	0	0	1
พล่า	0	0	1
กะปิ	0	0	1
วุ้นเส้น	0	0	1
ไพลิน	0	0	1
อัญชัน	0	0	1
นันทพร	0	0	1
ยี่สาร	0	0	1
1.6	0	0	1
พราหมณี	0	0	1
หลวงพ่อปากแดง	0	0	1
สาริกา	0	0	1
นครนายก	0	0	1
โลกาภิวัตน์	0	0	1
ขนส่ง	0	0	1
สารสนเทศ	0	0	1
คว่ำ	0	0	1
แพะ	0	0	1
เหลือม	0	0	1
๓๐๐	0	0	1
๑๓๖	0	0	1
๙๐	0	0	1
๑๔๒,๒๐๐	0	0	1
กาสิโน	0	0	1
๒๕,๐๐๐	0	0	1
อัธยาศัย	0	0	1
แจกแจง	0	0	1
เครื่องเทศ	0	0	1
แอนเจโล	0	0	1
เทรนเนอร์	0	0	1
ทิ้งท้าย	0	0	1
ลาก	0	0	1
เปลี่ยนตัว	0	0	1
อเล็กซานเดอร์	0	0	1
เมดเวเดฟ	0	0	1
ก๊าซพรอม	0	0	2
ยักยอก	0	0	1
อิยิปต์	0	0	1
ท่องเที่ยว	0	0	1
จิรัฏฐ์	0	0	1
สำราญสุข	0	0	1
ปูนซิเมนต์	0	0	1
มหาชน	0	0	1
เฟิร์ม	0	0	1
สังสารวัฏ	0	0	1
ชดใช้	0	0	1
ก้าง	0	0	1
สุดท้อง	0	0	1
หัวแม่เท้า	0	0	1
มาสเตอร์เชฟไทยแลนด์	0	0	1
พิถีพิถัน	0	0	1
เถอะ	0	0	1
แก๊ซ	0	0	1
สก็อต	0	0	2
1648	0	0	1
สกอต	0	0	1
รัดกุม	0	0	1
แน่นหนา	0	0	1
โหว่	0	0	1
ทั้งนี้ทั้งนั้น	0	0	1
ลงมือ	0	0	1
ธันยพร	0	0	1
อนุรักษ์สุวรรณ	0	0	1
ซินหัว	0	0	1
ปศุ	0	0	1
ผุด	0	0	1
วาล์ว	0	0	1
แตร	0	0	1
อัลเมเรีย	0	0	1
ราโย	0	0	1
บัลเยคาโน่	0	0	1
เปลี่ยว	0	0	1
อาก้า	0	0	1
ลูกซอง	0	0	1
ริเริ่ม	0	0	1
กระดูก	0	0	1
กรรไกร	0	0	1
แทะ	0	0	1
เล็ม	0	0	1
ตะไคร่	0	0	2
อินทรียสาร	0	0	1
ครูด	0	0	1
เสาะ	0	0	1
สาลี่	0	0	1
ลูกเต๋า	0	0	1
ปราณี	0	0	1
เที่ยง	0	0	1
ลูกพี่	0	0	1
บรรณาธิการ	0	0	1
คุ้มค่า	0	0	1
วิศวกรรม	0	0	1
ดิฟเฟอเรนชิเอท	0	0	1
อินทิเกรท	0	0	1
เจ้าชู้	0	0	2
เลื่อม	0	0	1
จำแลง	0	0	1
โปลิศ	0	0	1
ซวย	0	0	1
2014	0	0	1
ปรมณู	0	0	1
ไปนี้	0	0	1
แกว่ง	0	0	1
จระเข้	0	0	1
1773	0	0	1
งานเลี้ยงน้ำชาบอสตัน	0	0	1
ลำเนา	0	0	1
บริทายามา	0	0	1
คริสต์ศตวรรษ	0	0	1
ตอนเช้า	0	0	1
สะพานควาย	0	0	2
บริดี	0	0	1
ดีกรี	0	0	1
มิส	0	0	1
เวิลด์	0	0	1
พ.ร.ก.	0	0	1
APs	0	0	1
ลิเธียม	0	0	1
ข้อสรุป	0	0	1
ไหล่	0	0	2
โอลิมปิค	0	0	1
สเตเดียม	0	0	1
มหภาค	0	0	2
อาชกรรม	0	0	1
ข่มขืน	0	0	1
บ่ง	0	0	1
สำนักงานความปลอดภัยทางน้ำ	0	0	1
เอเอ็มเอสเอ	0	0	1
1.	0	0	1
อับดุลเลาะ	0	0	1
แวยี	0	0	1
2.	0	0	1
อัดลัน	0	0	1
ตานิง	0	0	1
3.	0	0	1
มุสตอปาร์	0	0	1
เดร์	0	0	1
4.	0	0	1
รอสาห์	0	0	1
วะนา	0	0	1
ยาบ้า	0	0	1
189	0	0	1
ไอ	0	0	1
ซีซี	0	0	1
บายาโดลิด	0	0	1
เอร์คูเลส	0	0	1
อลิกันเต้	0	0	1
โปรโมชั่น	0	0	1
ซักที	0	0	1
ผลักดัน	0	0	1
เงา	0	0	3
เฝิงโหย่วหลาน	0	0	1
จูซี	0	0	1
บทสรุป	0	0	1
คุ้มกัน	0	0	1
อ่อง	0	0	1
ฮังเล	0	0	1
โฮะ	0	0	1
แค	0	0	1
แหนม	0	0	1
ไส้อั่ว	0	0	1
จิ้น	0	0	1
แคบ	0	0	1
ชั่ววูบ	0	0	1
นี้เอง	0	0	2
ทดลอง	0	0	1
ส.ต.	0	0	1
คาร์ริก	0	0	1
Rock	0	0	1
&	0	0	1
Roll	0	0	1
วิลาวัณย์	0	0	1
สุรนารี	0	0	1
อิบซากลุบโบเลย์บอล	0	0	1
สแปนิชซูเปอร์ลีกา	0	0	1
นุศรา	0	0	1
ต้อมคำ	0	0	1
พิเคราะห์	0	0	1
ระฟ้า	0	0	1
โอโตโนะคิซากะ	0	0	1
ทุกที	0	0	1
ไอเดีย	0	0	1
ไอดอล	0	0	1
หัวล้าน	0	0	1
เจ้าเล่ห์	0	0	1
พนินทร	0	0	1
ชุมวรฐายี	0	0	1
สะอื้นเครือ	0	0	1
แหบแห้ง	0	0	1
ปื้ด	0	0	1
บ้าคลั่ง	0	0	1
เถลิงถวัลยราชสมบัติ	0	0	1
พสกนิกร	0	0	2
ทศพิธราชธรรม	0	0	1
พระราชกิจ	0	0	1
นานัปการ	0	0	1
ผดุง	0	0	1
เหมือง	0	0	1
กระบี่	0	0	2
แอ่ง	0	0	1
แสร้ง	0	0	1
แถ	0	0	1
ออกเสียง	0	0	1
ต่างหาก	0	0	1
รัช	0	0	1
โรเบิร์ต	0	0	1
วาลโพล	0	0	1
Sir	0	0	1
Robert	0	0	1
Walpole	0	0	1
โทน	0	0	1
แวววาว	0	0	1
วินิจฉัย	0	0	1
นิ่ว	0	0	1
2475	0	0	1
เลขาธิการ	0	0	1
อนันตสมาคม	0	0	1
พระยา	0	0	1
พหลพลพยุหเสนา	0	0	1
อสัญกรรม	0	0	1
ศปภ.	0	0	1
กทม.	0	0	1
ทุ่มเท	0	0	1
มลาย	0	0	1
ปัดเป่า	0	0	1
บาร์บีคิว	0	0	1
โคลสลอว์	0	0	1
ชำนาญ	0	0	1
โฆษก	0	0	1
ยกเลิก	0	0	1
จำต้อง	0	0	1
เอาใจใส่	0	0	1
ตรงกัน	0	0	1
ขัดเคือง	0	0	1
ณิชา	0	0	1
จารุพานิช	0	0	1
แฝก	0	0	1
พักผ่อน	0	0	1
ค้ำประกัน	0	0	1
ไฮโกรมัยซิน	0	0	2
บี	0	0	2
เซลล์	0	0	2
โปรคาริโอต	0	0	1
ยูคาริโอต	0	0	1
ยีน	0	0	2
ดื้อ	0	0	2
พลาสมิด	0	0	1
เอนไซม์	0	0	1
ไคเนส	0	0	1
ฟอสโฟรีเลชัน	0	0	1
ฤทธิ์	0	0	2
กริ่ง	0	0	1
นนทเวช	0	0	1
82	0	0	1
หยด	0	0	2
49	0	0	1
สปอร์ติ้ง	0	0	1
กิฆอน	0	0	1
นูมานเซีย	0	0	1
ไม่งั้น	0	0	1
จอม	0	0	1
ร่มเย็น	0	0	1
การทูต	0	0	1
เฮซบอลเลาะห์	0	0	1
วาเลนไทน์	0	0	1
วันหยุด	0	0	1
สุดสัปดาห์	0	0	1
สยามพารากอน	0	0	1
plate	0	0	1
Tectonic	0	0	1
Theory	0	0	1
ประนีประนอม	0	0	1
หย่อน	0	0	1
แลป	0	0	1
ชีววิทยา	0	0	1
หากแต่	0	0	1
เวนเกอร์	0	0	1
ฟอร์ม	0	0	1
แจ่ม	0	0	1
ประชานิยม	0	0	1
โศกเศร้า	0	0	1
เวิลด์แกรนด์แชมป์เปี้ยนคัพ	0	0	1
แมนฮัตตัน	0	0	1
ถอยหลัง	0	0	1
คริสตัล	0	0	1
1637	0	0	1
อินเดียใต้	0	0	1
จุดจบ	0	0	1
โชคดี	0	0	1
แกล้ง	0	0	1
สัตวแพทย์	0	0	1
เหือดแห้ง	0	0	1
